GROUP,PACKAGE,CLASS,INSTRUCTION_MISSED,INSTRUCTION_COVERED,BRANCH_MISSED,BRANCH_COVERED,LINE_MISSED,LINE_COVERED,COMPLEXITY_MISSED,COMPLEXITY_COVERED,METHOD_MISSED,METHOD_COVERED
onos-app-yms,org.onosproject.yang.gen.v1.urn.ietf.params.xml.ns.yang.ietf.network2.rev20151208.ietfnetwork2.networkdown,DefaultNetworks.NetworksBuilder,80,0,0,0,24,0,14,0,14,0
onos-app-yms,org.onosproject.yang.gen.v1.urn.ietf.params.xml.ns.yang.ietf.network2.rev20151208.ietfnetwork2.networkdown,DefaultNetworks.OnosYangNodeOperationType,78,0,0,0,7,0,4,0,4,0
onos-app-yms,org.onosproject.yang.gen.v1.urn.ietf.params.xml.ns.yang.ietf.network2.rev20151208.ietfnetwork2.networkdown,DefaultNetworks,309,0,34,0,72,0,35,0,18,0
onos-app-yms,org.onosproject.yang.gen.v1.urn.ietf.params.xml.ns.yang.ietf.network2.rev20151208.ietfnetwork2.networkdown,Networks.LeafIdentifier,35,0,0,0,6,0,5,0,5,0
onos-app-yms,org.onosproject.yang.gen.v1.ych.purchasing.supervisor.rev20160524.ychpurchasingsupervisor,DefaultYchPurchasingSupervisor,265,51,38,0,60,14,32,4,13,4
onos-app-yms,org.onosproject.yang.gen.v1.ych.purchasing.supervisor.rev20160524.ychpurchasingsupervisor,DefaultYchPurchasingSupervisor.OnosYangNodeOperationType,9,69,0,0,0,7,2,2,2,2
onos-app-yms,org.onosproject.yang.gen.v1.ych.purchasing.supervisor.rev20160524.ychpurchasingsupervisor,DefaultYchPurchasingSupervisor.YchPurchasingSupervisorBuilder,19,66,0,0,5,20,3,11,3,11
onos-app-yms,org.onosproject.yang.gen.v1.ych.purchasing.supervisor.rev20160524.ychpurchasingsupervisor,YchPurchasingSupervisor.LeafIdentifier,9,37,0,0,0,7,2,3,2,3
onos-app-yms,org.onosproject.yang.gen.v1.urn.ietf.params.xml.ns.yang.ietf.network1.rev20151208.ietfnetwork1.networkup,Networks.LeafIdentifier,35,0,0,0,6,0,5,0,5,0
onos-app-yms,org.onosproject.yang.gen.v1.urn.ietf.params.xml.ns.yang.ietf.network1.rev20151208.ietfnetwork1.networkup,DefaultNetworks,309,0,34,0,72,0,35,0,18,0
onos-app-yms,org.onosproject.yang.gen.v1.urn.ietf.params.xml.ns.yang.ietf.network1.rev20151208.ietfnetwork1.networkup,DefaultNetworks.NetworksBuilder,80,0,0,0,24,0,14,0,14,0
onos-app-yms,org.onosproject.yang.gen.v1.urn.ietf.params.xml.ns.yang.ietf.network1.rev20151208.ietfnetwork1.networkup,DefaultNetworks.OnosYangNodeOperationType,78,0,0,0,7,0,4,0,4,0
onos-app-yms,org.onosproject.yang.gen.v1.urn.ietf.params.xml.ns.yang.ietf.network4.rev20161208.ietfnetwork4.networkup.networks,DefaultNetwork.NetworkBuilder,72,0,0,0,21,0,12,0,12,0
onos-app-yms,org.onosproject.yang.gen.v1.urn.ietf.params.xml.ns.yang.ietf.network4.rev20161208.ietfnetwork4.networkup.networks,DefaultNetwork.OnosYangNodeOperationType,78,0,0,0,7,0,4,0,4,0
onos-app-yms,org.onosproject.yang.gen.v1.urn.ietf.params.xml.ns.yang.ietf.network4.rev20161208.ietfnetwork4.networkup.networks,DefaultNetwork,250,0,22,0,59,0,27,0,16,0
onos-app-yms,org.onosproject.yang.gen.v1.urn.ietf.params.xml.ns.yang.ietf.network4.rev20161208.ietfnetwork4.networkup.networks,Network.LeafIdentifier,35,0,0,0,6,0,5,0,5,0
onos-app-yms,org.onosproject.yang.gen.v1.urn.ietf.params.xml.ns.yang.ietf.inet.types.rev20130715.ietfinettypes.host,HostUnion,104,0,8,0,33,0,15,0,11,0
onos-app-yms,org.onosproject.yang.gen.v1.ydt.integer8.rev20160524.integer8,DefaultMultiRangeValidation.MultiRangeValidationBuilder,24,87,0,0,7,26,4,14,4,14
onos-app-yms,org.onosproject.yang.gen.v1.ydt.integer8.rev20160524.integer8,DefaultMultiRangeValidation.OnosYangNodeOperationType,0,78,0,0,0,7,0,4,0,4
onos-app-yms,org.onosproject.yang.gen.v1.ydt.integer8.rev20160524.integer8,MultiRangeValidation.LeafIdentifier,9,59,0,0,0,9,2,3,2,3
onos-app-yms,org.onosproject.yang.gen.v1.ydt.integer8.rev20160524.integer8,DefaultMultiRangeValidation,384,50,54,0,79,13,45,1,18,1
onos-app-yms,org.onosproject.yang.gen.v1.urn.ietf.params.xml.ns.yang.ietf.network2.rev20151208.ietfnetwork2.networkup,Networks.LeafIdentifier,35,0,0,0,6,0,5,0,5,0
onos-app-yms,org.onosproject.yang.gen.v1.urn.ietf.params.xml.ns.yang.ietf.network2.rev20151208.ietfnetwork2.networkup,DefaultNetworks.NetworksBuilder,80,0,0,0,24,0,14,0,14,0
onos-app-yms,org.onosproject.yang.gen.v1.urn.ietf.params.xml.ns.yang.ietf.network2.rev20151208.ietfnetwork2.networkup,DefaultNetworks.OnosYangNodeOperationType,78,0,0,0,7,0,4,0,4,0
onos-app-yms,org.onosproject.yang.gen.v1.urn.ietf.params.xml.ns.yang.ietf.network2.rev20151208.ietfnetwork2.networkup,DefaultNetworks,309,0,34,0,72,0,35,0,18,0
onos-app-yms,org.onosproject.yang.gen.v1.ydt.emptydata.rev20160524,EmptydataOpParam,181,16,34,0,43,5,26,1,9,1
onos-app-yms,org.onosproject.yang.gen.v1.ydt.emptydata.rev20160524,EmptydataOpParam.EmptydataBuilder,10,26,0,0,4,8,2,5,2,5
onos-app-yms,org.onosproject.yang.gen.v1.ydt.emptydata.rev20160524,EmptydataOpParam.OnosYangNodeOperationType,0,78,0,0,0,7,0,4,0,4
onos-app-yms,org.onosproject.yang.gen.v1.urn.ietf.params.xml.ns.yang.ietf.network.rev20151208.ietfnetwork,NodeId,43,20,4,0,14,8,6,4,4,4
onos-app-yms,org.onosproject.yang.gen.v1.urn.ietf.params.xml.ns.yang.ietf.network.rev20151208.ietfnetwork,NetworkId,43,20,4,0,14,8,6,4,4,4
onos-app-yms,org.onosproject.yang.gen.v1.urn.ietf.params.xml.ns.yang.ietf.network.rev20151208.ietfnetwork,DefaultNetworksState.NetworksStateBuilder,22,34,0,0,7,10,4,6,4,6
onos-app-yms,org.onosproject.yang.gen.v1.urn.ietf.params.xml.ns.yang.ietf.network.rev20151208.ietfnetwork,DefaultNetworksState,246,25,38,0,57,7,30,1,11,1
onos-app-yms,org.onosproject.yang.gen.v1.urn.ietf.params.xml.ns.yang.ietf.network.rev20151208.ietfnetwork,DefaultNetworks.OnosYangNodeOperationType,0,78,0,0,0,7,0,4,0,4
onos-app-yms,org.onosproject.yang.gen.v1.urn.ietf.params.xml.ns.yang.ietf.network.rev20151208.ietfnetwork,DefaultNetworksState.OnosYangNodeOperationType,0,78,0,0,0,7,0,4,0,4
onos-app-yms,org.onosproject.yang.gen.v1.urn.ietf.params.xml.ns.yang.ietf.network.rev20151208.ietfnetwork,DefaultNetworks.NetworksBuilder,22,34,0,0,7,10,4,6,4,6
onos-app-yms,org.onosproject.yang.gen.v1.urn.ietf.params.xml.ns.yang.ietf.network.rev20151208.ietfnetwork,DefaultNetworks,246,25,38,0,57,7,30,1,11,1
onos-app-yms,org.onosproject.yms.app.ydt.exceptions,YdtExceptions,12,4,0,0,6,2,3,1,3,1
onos-app-yms,org.onosproject.yang.gen.v1.urn.ietf.params.xml.ns.yang.ietf.network3.rev20151208.ietfnetwork3,DefaultNetworks,309,0,34,0,72,0,35,0,18,0
onos-app-yms,org.onosproject.yang.gen.v1.urn.ietf.params.xml.ns.yang.ietf.network3.rev20151208.ietfnetwork3,DefaultNetworks.OnosYangNodeOperationType,78,0,0,0,7,0,4,0,4,0
onos-app-yms,org.onosproject.yang.gen.v1.urn.ietf.params.xml.ns.yang.ietf.network3.rev20151208.ietfnetwork3,DefaultNetworks.NetworksBuilder,80,0,0,0,24,0,14,0,14,0
onos-app-yms,org.onosproject.yang.gen.v1.urn.ietf.params.xml.ns.yang.ietf.network3.rev20151208.ietfnetwork3,Networks.LeafIdentifier,35,0,0,0,6,0,5,0,5,0
onos-app-yms,org.onosproject.yms.app.ytb,YdtBuilderFromYo,67,919,28,120,17,245,30,72,2,26
onos-app-yms,org.onosproject.yms.app.ytb,YtbNodeInfo,3,21,0,0,1,10,1,6,1,6
onos-app-yms,org.onosproject.yms.app.ytb,DefaultYangTreeBuilder,0,79,1,7,0,21,1,6,0,3
onos-app-yms,org.onosproject.yms.app.ytb,TraversalType,9,49,0,0,0,5,2,2,2,2
onos-app-yms,org.onosproject.yms.app.ytb,YtbException,12,4,0,0,6,2,3,1,3,1
onos-app-yms,org.onosproject.yang.gen.v1.urn.ietf.params.xml.ns.yang.ietf.network4.rev20151208.ietfnetwork4.networkup,DefaultNetworks.NetworksBuilder,80,0,0,0,24,0,14,0,14,0
onos-app-yms,org.onosproject.yang.gen.v1.urn.ietf.params.xml.ns.yang.ietf.network4.rev20151208.ietfnetwork4.networkup,Networks.LeafIdentifier,35,0,0,0,6,0,5,0,5,0
onos-app-yms,org.onosproject.yang.gen.v1.urn.ietf.params.xml.ns.yang.ietf.network4.rev20151208.ietfnetwork4.networkup,DefaultNetworks,309,0,34,0,72,0,35,0,18,0
onos-app-yms,org.onosproject.yang.gen.v1.urn.ietf.params.xml.ns.yang.ietf.network4.rev20151208.ietfnetwork4.networkup,DefaultNetworks.OnosYangNodeOperationType,78,0,0,0,7,0,4,0,4,0
onos-app-yms,org.onosproject.yang.gen.v1.yms.test.ytb.multi.notification.with.container.rev20160826.ytbmultinotificationwithcontainer,YtbMultiNotificationWithContainerEventSubject,7,10,0,0,3,4,2,3,2,3
onos-app-yms,org.onosproject.yang.gen.v1.yms.test.ytb.multi.notification.with.container.rev20160826.ytbmultinotificationwithcontainer,YtbMultiNotificationWithContainerEvent.Type,9,29,0,0,0,3,2,2,2,2
onos-app-yms,org.onosproject.yang.gen.v1.yms.test.ytb.multi.notification.with.container.rev20160826.ytbmultinotificationwithcontainer,DefaultFortesta.OnosYangNodeOperationType,78,0,0,0,7,0,4,0,4,0
onos-app-yms,org.onosproject.yang.gen.v1.yms.test.ytb.multi.notification.with.container.rev20160826.ytbmultinotificationwithcontainer,DefaultFortesta.FortestaBuilder,17,27,0,0,5,9,3,6,3,6
onos-app-yms,org.onosproject.yang.gen.v1.yms.test.ytb.multi.notification.with.container.rev20160826.ytbmultinotificationwithcontainer,DefaultFortestb.OnosYangNodeOperationType,78,0,0,0,7,0,4,0,4,0
onos-app-yms,org.onosproject.yang.gen.v1.yms.test.ytb.multi.notification.with.container.rev20160826.ytbmultinotificationwithcontainer,Fortestb.LeafIdentifier,35,0,0,0,6,0,5,0,5,0
onos-app-yms,org.onosproject.yang.gen.v1.yms.test.ytb.multi.notification.with.container.rev20160826.ytbmultinotificationwithcontainer,YtbMultiNotificationWithContainerEvent,6,5,0,0,2,2,1,1,1,1
onos-app-yms,org.onosproject.yang.gen.v1.yms.test.ytb.multi.notification.with.container.rev20160826.ytbmultinotificationwithcontainer,DefaultFortestb.FortestbBuilder,79,0,0,0,23,0,13,0,13,0
onos-app-yms,org.onosproject.yang.gen.v1.yms.test.ytb.multi.notification.with.container.rev20160826.ytbmultinotificationwithcontainer,DefaultFortesta,162,26,20,0,42,8,19,3,9,3
onos-app-yms,org.onosproject.yang.gen.v1.yms.test.ytb.multi.notification.with.container.rev20160826.ytbmultinotificationwithcontainer,DefaultFortestb,325,0,40,0,77,0,36,0,16,0
onos-app-yms,org.onosproject.yang.gen.v1.ych.empty.container.rev20160524,EmptyContainerOpParam.OnosYangNodeOperationType,0,78,0,0,0,7,0,4,0,4
onos-app-yms,org.onosproject.yang.gen.v1.ych.empty.container.rev20160524,EmptyContainerOpParam.EmptyContainerBuilder,5,19,0,0,2,7,1,5,1,5
onos-app-yms,org.onosproject.yang.gen.v1.ych.empty.container.rev20160524,EmptyContainerOpParam,93,21,16,0,27,7,14,4,6,4
onos-app-yms,org.onosproject.yang.gen.v1.ydt.bit.rev20160524.bit,BitList.LeafIdentifier,35,0,0,0,6,0,5,0,5,0
onos-app-yms,org.onosproject.yang.gen.v1.ydt.bit.rev20160524.bit,DefaultBitList,251,0,24,0,59,0,28,0,16,0
onos-app-yms,org.onosproject.yang.gen.v1.ydt.bit.rev20160524.bit,DefaultBitList.BitListBuilder,72,0,0,0,21,0,12,0,12,0
onos-app-yms,org.onosproject.yang.gen.v1.ydt.bit.rev20160524.bit,DefaultBitList.OnosYangNodeOperationType,78,0,0,0,7,0,4,0,4,0
onos-app-yms,org.onosproject.yang.gen.v1.urn.ietf.params.xml.ns.yang.ietf.network4.rev20141208,IetfNetwork4OpParam,41,0,6,0,13,0,8,0,5,0
onos-app-yms,org.onosproject.yang.gen.v1.urn.ietf.params.xml.ns.yang.ietf.network4.rev20141208,IetfNetwork4OpParam.IetfNetwork4Builder,8,0,0,0,3,0,2,0,2,0
onos-app-yms,org.onosproject.yang.gen.v1.ydt.integer64.rev20160524,Integer64.LeafIdentifier,9,125,0,0,0,15,2,3,2,3
onos-app-yms,org.onosproject.yang.gen.v1.ydt.integer64.rev20160524,Integer64OpParam.Integer64Builder,17,172,0,0,6,52,3,27,3,27
onos-app-yms,org.onosproject.yang.gen.v1.ydt.integer64.rev20160524,Integer64OpParam,774,74,138,0,158,19,93,1,24,1
onos-app-yms,org.onosproject.yang.gen.v1.ydt.integer64.rev20160524,Integer64OpParam.OnosYangNodeOperationType,0,78,0,0,0,7,0,4,0,4
onos-app-yms,org.onosproject.yms.app.yob.exception,YobExceptions,16,0,0,0,8,0,4,0,4,0
onos-app-yms,org.onosproject.yang.gen.v1.yms.test.ytb.tree.builder.yangautoprefixfor.list.having.list.rev20160826.ytbtreebuilderforlisthavinglist.carrier.multiplexes,DefaultApplicationAreas.OnosYangNodeOperationType,78,0,0,0,7,0,4,0,4,0
onos-app-yms,org.onosproject.yang.gen.v1.yms.test.ytb.tree.builder.yangautoprefixfor.list.having.list.rev20160826.ytbtreebuilderforlisthavinglist.carrier.multiplexes,DefaultApplicationAreas,325,0,40,0,77,0,36,0,16,0
onos-app-yms,org.onosproject.yang.gen.v1.yms.test.ytb.tree.builder.yangautoprefixfor.list.having.list.rev20160826.ytbtreebuilderforlisthavinglist.carrier.multiplexes,DefaultApplicationAreas.ApplicationAreasBuilder,79,0,0,0,23,0,13,0,13,0
onos-app-yms,org.onosproject.yang.gen.v1.yms.test.ytb.tree.builder.yangautoprefixfor.list.having.list.rev20160826.ytbtreebuilderforlisthavinglist.carrier.multiplexes,ApplicationAreas.LeafIdentifier,35,0,0,0,6,0,5,0,5,0
onos-app-yms,org.onosproject.yang.gen.v1.yms.test.ytb.tree.builder.yangautoprefixfor.list.having.list.rev20160826.ytbtreebuilderforlisthavinglist.carrier.multiplexes,TypesEnum,122,0,18,0,24,0,21,0,9,0
onos-app-yms,org.onosproject.yang.gen.v1.urn.ietf.params.xml.ns.yang.ietf.network.rev20151208,IetfNetworkOpParam.OnosYangNodeOperationType,0,78,0,0,0,7,0,4,0,4
onos-app-yms,org.onosproject.yang.gen.v1.urn.ietf.params.xml.ns.yang.ietf.network.rev20151208,IetfNetworkOpParam.IetfNetworkBuilder,5,27,0,0,2,10,1,7,1,7
onos-app-yms,org.onosproject.yang.gen.v1.urn.ietf.params.xml.ns.yang.ietf.network.rev20151208,IetfNetworkOpParam,147,15,26,0,39,5,23,1,10,1
onos-app-yms,org.onosproject.yang.gen.v1.ydt.integer16.rev20160524,Integer16OpParam,784,74,138,0,159,19,93,1,24,1
onos-app-yms,org.onosproject.yang.gen.v1.ydt.integer16.rev20160524,Integer16.LeafIdentifier,9,125,0,0,0,15,2,3,2,3
onos-app-yms,org.onosproject.yang.gen.v1.ydt.integer16.rev20160524,Integer16OpParam.Integer16Builder,17,172,0,0,6,52,3,27,3,27
onos-app-yms,org.onosproject.yang.gen.v1.ydt.integer16.rev20160524,Integer16OpParam.OnosYangNodeOperationType,0,78,0,0,0,7,0,4,0,4
onos-app-yms,org.onosproject.yang.gen.v1.ydt.root.rev20160524,LogisticsManagerOpParam.LogisticsManagerBuilder,68,78,0,0,22,23,10,14,10,14
onos-app-yms,org.onosproject.yang.gen.v1.ydt.root.rev20160524,LogisticsManagerOpParam,692,74,140,0,153,19,89,3,19,3
onos-app-yms,org.onosproject.yang.gen.v1.ydt.root.rev20160524,LogisticsManagerOpParam.OnosYangNodeOperationType,0,78,0,0,0,7,0,4,0,4
onos-app-yms,org.onosproject.yang.gen.v1.ydt.root.rev20160524,LogisticsManager.LeafIdentifier,9,48,0,0,0,8,2,3,2,3
onos-app-yms,org.onosproject.yang.gen.v1.ydt.enumtest.rev20160524.enumtest,DefaultEnumList.EnumListBuilder,24,48,0,0,7,14,4,8,4,8
onos-app-yms,org.onosproject.yang.gen.v1.ydt.enumtest.rev20160524.enumtest,DefaultEnumList.OnosYangNodeOperationType,0,78,0,0,0,7,0,4,0,4
onos-app-yms,org.onosproject.yang.gen.v1.ydt.enumtest.rev20160524.enumtest,EnumList.LeafIdentifier,9,26,0,0,0,6,2,3,2,3
onos-app-yms,org.onosproject.yang.gen.v1.ydt.enumtest.rev20160524.enumtest,DefaultEnumList,224,38,26,0,52,10,29,1,16,1
onos-app-yms,org.onosproject.yms.app.ydt,DefaultYdtAppContext,30,149,4,13,10,57,8,27,4,22
onos-app-yms,org.onosproject.yms.app.ydt,YdtAppNodeOperationType,9,39,0,0,0,4,2,2,2,2
onos-app-yms,org.onosproject.yms.app.ydt,AppType,9,29,0,0,0,3,2,2,2,2
onos-app-yms,org.onosproject.yms.app.ydt,YdtNode,190,454,6,50,43,143,16,58,10,36
onos-app-yms,org.onosproject.yms.app.ydt,YdtSingleInstanceLeafNode,0,50,0,0,0,15,0,5,0,5
onos-app-yms,org.onosproject.yms.app.ydt,DefaultYdtWalker,4,72,3,13,2,27,3,9,0,4
onos-app-yms,org.onosproject.yms.app.ydt,YdtMultiInstanceNode,3,124,1,7,1,34,2,8,1,5
onos-app-yms,org.onosproject.yms.app.ydt,YdtSingleInstanceNode,20,5,0,0,3,2,1,1,1,1
onos-app-yms,org.onosproject.yms.app.ydt,YangResponseWorkBench,21,12,0,0,9,5,6,1,6,1
onos-app-yms,org.onosproject.yms.app.ydt,RequestedCardinality,5,63,0,0,0,6,1,3,1,3
onos-app-yms,org.onosproject.yms.app.ydt,YdtMultiInstanceLeafNode,15,101,0,6,5,26,1,8,1,5
onos-app-yms,org.onosproject.yms.app.ydt,YdtNodeFactory,191,112,14,18,28,27,13,13,1,3
onos-app-yms,org.onosproject.yms.app.ydt,YangRequestWorkBench.new Object() {...},2,17,0,0,0,1,0,1,0,1
onos-app-yms,org.onosproject.yms.app.ydt,YdtNodeFactory.new Object() {...},12,85,0,0,0,3,0,1,0,1
onos-app-yms,org.onosproject.yms.app.ydt,YangRequestWorkBench,89,629,17,62,21,182,16,55,2,29
onos-app-yms,org.onosproject.yms.app.ydt,RequestedCallType,5,43,0,0,0,4,1,3,1,3
onos-app-yms,org.onosproject.yms.app.ydt,DefaultYdtAppContext.new Object() {...},5,35,0,0,0,1,0,1,0,1
onos-app-yms,org.onosproject.yang.gen.v1.ydt.material.supervisor.rev20160524.materialsupervisor,DefaultSupervisor,265,51,38,0,56,14,32,4,13,4
onos-app-yms,org.onosproject.yang.gen.v1.ydt.material.supervisor.rev20160524.materialsupervisor,Supervisor.LeafIdentifier,9,37,0,0,0,7,2,3,2,3
onos-app-yms,org.onosproject.yang.gen.v1.ydt.material.supervisor.rev20160524.materialsupervisor,DefaultSupervisor.SupervisorBuilder,24,61,0,0,7,18,4,10,4,10
onos-app-yms,org.onosproject.yang.gen.v1.ydt.material.supervisor.rev20160524.materialsupervisor,DefaultSupervisor.OnosYangNodeOperationType,0,78,0,0,0,7,0,4,0,4
onos-app-yms,org.onosproject.yang.gen.v1.urn.ietf.params.xml.ns.yang.ietf.network4.ietfnetwork4.networkup,Networks.LeafIdentifier,35,0,0,0,6,0,5,0,5,0
onos-app-yms,org.onosproject.yang.gen.v1.urn.ietf.params.xml.ns.yang.ietf.network4.ietfnetwork4.networkup,DefaultNetworks,309,0,34,0,72,0,35,0,18,0
onos-app-yms,org.onosproject.yang.gen.v1.urn.ietf.params.xml.ns.yang.ietf.network4.ietfnetwork4.networkup,DefaultNetworks.NetworksBuilder,80,0,0,0,24,0,14,0,14,0
onos-app-yms,org.onosproject.yang.gen.v1.urn.ietf.params.xml.ns.yang.ietf.network4.ietfnetwork4.networkup,DefaultNetworks.OnosYangNodeOperationType,78,0,0,0,7,0,4,0,4,0
onos-app-yms,org.onosproject.yang.gen.v1.ydt.rootlist.rev20160624.rootlist,Listwithoutcontainer.LeafIdentifier,9,26,0,0,0,6,2,3,2,3
onos-app-yms,org.onosproject.yang.gen.v1.ydt.rootlist.rev20160624.rootlist,DefaultListwithcontainer.ListwithcontainerBuilder,113,0,0,0,34,0,19,0,19,0
onos-app-yms,org.onosproject.yang.gen.v1.ydt.rootlist.rev20160624.rootlist,DefaultListwithoutcontainer.OnosYangNodeOperationType,0,78,0,0,0,7,0,4,0,4
onos-app-yms,org.onosproject.yang.gen.v1.ydt.rootlist.rev20160624.rootlist,DefaultListwithoutcontainer.ListwithoutcontainerBuilder,24,48,0,0,7,14,4,8,4,8
onos-app-yms,org.onosproject.yang.gen.v1.ydt.rootlist.rev20160624.rootlist,Listwithcontainer.LeafIdentifier,46,0,0,0,7,0,5,0,5,0
onos-app-yms,org.onosproject.yang.gen.v1.ydt.rootlist.rev20160624.rootlist,DefaultListwithcontainer,515,0,74,0,116,0,58,0,21,0
onos-app-yms,org.onosproject.yang.gen.v1.ydt.rootlist.rev20160624.rootlist,DefaultListwithcontainer.OnosYangNodeOperationType,78,0,0,0,7,0,4,0,4,0
onos-app-yms,org.onosproject.yang.gen.v1.ydt.rootlist.rev20160624.rootlist,DefaultListwithoutcontainer,212,38,22,0,50,10,26,1,15,1
onos-app-yms,org.onosproject.yang.gen.v1.ych.combined.rev20160524.combined.attributes,DefaultUnrecognizedAttributes,361,74,56,0,72,20,39,8,11,8
onos-app-yms,org.onosproject.yang.gen.v1.ych.combined.rev20160524.combined.attributes,DefaultBgpParameters.OnosYangNodeOperationType,78,0,0,0,7,0,4,0,4,0
onos-app-yms,org.onosproject.yang.gen.v1.ych.combined.rev20160524.combined.attributes,DefaultLocalPref.OnosYangNodeOperationType,78,0,0,0,7,0,4,0,4,0
onos-app-yms,org.onosproject.yang.gen.v1.ych.combined.rev20160524.combined.attributes,DefaultBgpParameters.BgpParametersBuilder,22,34,0,0,7,10,4,6,4,6
onos-app-yms,org.onosproject.yang.gen.v1.ych.combined.rev20160524.combined.attributes,DefaultMultiExitDisc.OnosYangNodeOperationType,78,0,0,0,7,0,4,0,4,0
onos-app-yms,org.onosproject.yang.gen.v1.ych.combined.rev20160524.combined.attributes,DefaultOrigin,207,44,24,0,47,12,25,3,13,3
onos-app-yms,org.onosproject.yang.gen.v1.ych.combined.rev20160524.combined.attributes,DefaultAigp,162,26,20,0,42,8,19,3,9,3
onos-app-yms,org.onosproject.yang.gen.v1.ych.combined.rev20160524.combined.attributes,DefaultOrigin.OriginBuilder,24,48,0,0,7,14,4,8,4,8
onos-app-yms,org.onosproject.yang.gen.v1.ych.combined.rev20160524.combined.attributes,DefaultLocalPref,198,53,22,0,45,14,22,5,11,5
onos-app-yms,org.onosproject.yang.gen.v1.ych.combined.rev20160524.combined.attributes,LocalPref.LeafIdentifier,5,30,0,0,0,6,1,4,1,4
onos-app-yms,org.onosproject.yang.gen.v1.ych.combined.rev20160524.combined.attributes,MultiExitDisc.LeafIdentifier,5,30,0,0,0,6,1,4,1,4
onos-app-yms,org.onosproject.yang.gen.v1.ych.combined.rev20160524.combined.attributes,DefaultUnrecognizedAttributes.UnrecognizedAttributesBuilder,24,87,0,0,7,26,4,14,4,14
onos-app-yms,org.onosproject.yang.gen.v1.ych.combined.rev20160524.combined.attributes,Origin.LeafIdentifier,9,26,0,0,0,6,2,3,2,3
onos-app-yms,org.onosproject.yang.gen.v1.ych.combined.rev20160524.combined.attributes,DefaultAigp.AigpBuilder,17,27,0,0,5,9,3,6,3,6
onos-app-yms,org.onosproject.yang.gen.v1.ych.combined.rev20160524.combined.attributes,DefaultUnrecognizedAttributes.OnosYangNodeOperationType,78,0,0,0,7,0,4,0,4,0
onos-app-yms,org.onosproject.yang.gen.v1.ych.combined.rev20160524.combined.attributes,DefaultAigp.OnosYangNodeOperationType,78,0,0,0,7,0,4,0,4,0
onos-app-yms,org.onosproject.yang.gen.v1.ych.combined.rev20160524.combined.attributes,DefaultMultiExitDisc.MultiExitDiscBuilder,24,48,0,0,7,14,4,8,4,8
onos-app-yms,org.onosproject.yang.gen.v1.ych.combined.rev20160524.combined.attributes,UnrecognizedAttributes.LeafIdentifier,5,63,0,0,0,9,1,4,1,4
onos-app-yms,org.onosproject.yang.gen.v1.ych.combined.rev20160524.combined.attributes,DefaultMultiExitDisc,198,53,22,0,45,14,22,5,11,5
onos-app-yms,org.onosproject.yang.gen.v1.ych.combined.rev20160524.combined.attributes,DefaultOrigin.OnosYangNodeOperationType,78,0,0,0,7,0,4,0,4,0
onos-app-yms,org.onosproject.yang.gen.v1.ych.combined.rev20160524.combined.attributes,DefaultBgpParameters,240,31,38,0,56,9,28,3,9,3
onos-app-yms,org.onosproject.yang.gen.v1.ych.combined.rev20160524.combined.attributes,DefaultLocalPref.LocalPrefBuilder,24,48,0,0,7,14,4,8,4,8
onos-app-yms,org.onosproject.yang.gen.v1.urn.ietf.params.xml.ns.yang.ietf.network4.rev20151208.ietfnetwork4.networkup.networks,DefaultNetwork.NetworkBuilder,72,0,0,0,21,0,12,0,12,0
onos-app-yms,org.onosproject.yang.gen.v1.urn.ietf.params.xml.ns.yang.ietf.network4.rev20151208.ietfnetwork4.networkup.networks,Network.LeafIdentifier,35,0,0,0,6,0,5,0,5,0
onos-app-yms,org.onosproject.yang.gen.v1.urn.ietf.params.xml.ns.yang.ietf.network4.rev20151208.ietfnetwork4.networkup.networks,DefaultNetwork.OnosYangNodeOperationType,78,0,0,0,7,0,4,0,4,0
onos-app-yms,org.onosproject.yang.gen.v1.urn.ietf.params.xml.ns.yang.ietf.network4.rev20151208.ietfnetwork4.networkup.networks,DefaultNetwork,250,0,22,0,59,0,27,0,16,0
onos-app-yms,org.onosproject.yang.gen.v1.urn.ietf.params.xml.ns.yang.ietf.network4.ietfnetwork4.networkup.networks,DefaultNetwork.NetworkBuilder,72,0,0,0,21,0,12,0,12,0
onos-app-yms,org.onosproject.yang.gen.v1.urn.ietf.params.xml.ns.yang.ietf.network4.ietfnetwork4.networkup.networks,DefaultNetwork.OnosYangNodeOperationType,78,0,0,0,7,0,4,0,4,0
onos-app-yms,org.onosproject.yang.gen.v1.urn.ietf.params.xml.ns.yang.ietf.network4.ietfnetwork4.networkup.networks,DefaultNetwork,250,0,22,0,59,0,27,0,16,0
onos-app-yms,org.onosproject.yang.gen.v1.urn.ietf.params.xml.ns.yang.ietf.network4.ietfnetwork4.networkup.networks,Network.LeafIdentifier,35,0,0,0,6,0,5,0,5,0
onos-app-yms,org.onosproject.yang.gen.v1.ydt.material.supervisor.rev20160524,MaterialsupervisorOpParam.OnosYangNodeOperationType,0,78,0,0,0,7,0,4,0,4
onos-app-yms,org.onosproject.yang.gen.v1.ydt.material.supervisor.rev20160524,MaterialsupervisorOpParam.MaterialsupervisorBuilder,10,26,0,0,4,8,2,5,2,5
onos-app-yms,org.onosproject.yang.gen.v1.ydt.material.supervisor.rev20160524,MaterialsupervisorOpParam,171,26,34,0,40,8,23,4,6,4
onos-app-yms,org.onosproject.yang.gen.v1.ydt.food.rev20160624.food.food.snack.latenight,ChocolateEnum,122,0,18,0,24,0,21,0,9,0
onos-app-yms,org.onosproject.yang.gen.v1.ych.combined.rev20160524.combined.attributes.bgpparameters.optionalcapabilities,DefaultCparameters,162,26,20,0,43,8,19,3,9,3
onos-app-yms,org.onosproject.yang.gen.v1.ych.combined.rev20160524.combined.attributes.bgpparameters.optionalcapabilities,DefaultCparameters.CparametersBuilder,17,27,0,0,5,9,3,6,3,6
onos-app-yms,org.onosproject.yang.gen.v1.ych.combined.rev20160524.combined.attributes.bgpparameters.optionalcapabilities,DefaultCparameters.OnosYangNodeOperationType,78,0,0,0,7,0,4,0,4,0
onos-app-yms,org.onosproject.yms.app.ynh,YangNotificationManager.YnhAbstractListener,42,6,0,0,11,1,2,1,2,1
onos-app-yms,org.onosproject.yms.app.ynh,YangNotificationManager,13,26,0,0,5,7,4,1,4,1
onos-app-yms,org.onosproject.yang.gen.v1.ych.empty.container.rev20160524.emptycontainer,DefaultEmptyContainer.EmptyContainerBuilder,28,0,0,0,8,0,5,0,5,0
onos-app-yms,org.onosproject.yang.gen.v1.ych.empty.container.rev20160524.emptycontainer,DefaultEmptyContainer,104,0,8,0,26,0,10,0,6,0
onos-app-yms,org.onosproject.yang.gen.v1.urn.ietf.params.xml.ns.yang.ietf.network1.rev20151208.ietfnetwork1.networkdown.networks,Network.LeafIdentifier,35,0,0,0,6,0,5,0,5,0
onos-app-yms,org.onosproject.yang.gen.v1.urn.ietf.params.xml.ns.yang.ietf.network1.rev20151208.ietfnetwork1.networkdown.networks,DefaultNetwork.NetworkBuilder,72,0,0,0,21,0,12,0,12,0
onos-app-yms,org.onosproject.yang.gen.v1.urn.ietf.params.xml.ns.yang.ietf.network1.rev20151208.ietfnetwork1.networkdown.networks,DefaultNetwork.OnosYangNodeOperationType,78,0,0,0,7,0,4,0,4,0
onos-app-yms,org.onosproject.yang.gen.v1.urn.ietf.params.xml.ns.yang.ietf.network1.rev20151208.ietfnetwork1.networkdown.networks,DefaultNetwork,250,0,22,0,59,0,27,0,16,0
onos-app-yms,org.onosproject.yang.gen.v1.yms.test.ytb.module.with.list.rev20160826.ytbmodulewithlist,DefaultYtblistlist.YtblistlistBuilder,31,48,0,0,9,14,5,8,5,8
onos-app-yms,org.onosproject.yang.gen.v1.yms.test.ytb.module.with.list.rev20160826.ytbmodulewithlist,Ytblistlist.LeafIdentifier,35,0,0,0,6,0,5,0,5,0
onos-app-yms,org.onosproject.yang.gen.v1.yms.test.ytb.module.with.list.rev20160826.ytbmodulewithlist,DefaultYtblistlist,276,49,40,0,64,13,33,3,13,3
onos-app-yms,org.onosproject.yang.gen.v1.yms.test.ytb.module.with.list.rev20160826.ytbmodulewithlist,Find,51,15,4,0,16,6,8,2,6,2
onos-app-yms,org.onosproject.yang.gen.v1.yms.test.ytb.module.with.list.rev20160826.ytbmodulewithlist,DefaultYtblistlist.OnosYangNodeOperationType,78,0,0,0,7,0,4,0,4,0
onos-app-yms,org.onosproject.yms.app.yab.exceptions,YabException,16,0,0,0,8,0,4,0,4,0
onos-app-yms,org.onosproject.yang.gen.v1.urn.ietf.params.xml.ns.yang.ietf.inet.types.rev20130715.ietfinettypes.ipaddressnozone,IpAddressNoZoneUnion,104,0,8,0,33,0,15,0,11,0
onos-app-yms,org.onosproject.yang.gen.v1.urn.ietf.params.xml.ns.yang.ietf.network4.rev20161208.ietfnetwork4,IetfNetwork4EventSubject,17,0,0,0,7,0,5,0,5,0
onos-app-yms,org.onosproject.yang.gen.v1.urn.ietf.params.xml.ns.yang.ietf.network4.rev20161208.ietfnetwork4,DefaultNetworkDown,188,0,20,0,50,0,22,0,12,0
onos-app-yms,org.onosproject.yang.gen.v1.urn.ietf.params.xml.ns.yang.ietf.network4.rev20161208.ietfnetwork4,DefaultNetworkUp.OnosYangNodeOperationType,78,0,0,0,7,0,4,0,4,0
onos-app-yms,org.onosproject.yang.gen.v1.urn.ietf.params.xml.ns.yang.ietf.network4.rev20161208.ietfnetwork4,IetfNetwork4Event.Type,38,0,0,0,3,0,4,0,4,0
onos-app-yms,org.onosproject.yang.gen.v1.urn.ietf.params.xml.ns.yang.ietf.network4.rev20161208.ietfnetwork4,DefaultNetworkDown.NetworkDownBuilder,44,0,0,0,14,0,9,0,9,0
onos-app-yms,org.onosproject.yang.gen.v1.urn.ietf.params.xml.ns.yang.ietf.network4.rev20161208.ietfnetwork4,DefaultNetworkDown.OnosYangNodeOperationType,78,0,0,0,7,0,4,0,4,0
onos-app-yms,org.onosproject.yang.gen.v1.urn.ietf.params.xml.ns.yang.ietf.network4.rev20161208.ietfnetwork4,DefaultNetworkUp.NetworkUpBuilder,44,0,0,0,14,0,9,0,9,0
onos-app-yms,org.onosproject.yang.gen.v1.urn.ietf.params.xml.ns.yang.ietf.network4.rev20161208.ietfnetwork4,IetfNetwork4Event,11,0,0,0,4,0,2,0,2,0
onos-app-yms,org.onosproject.yang.gen.v1.urn.ietf.params.xml.ns.yang.ietf.network4.rev20161208.ietfnetwork4,DefaultNetworkUp,188,0,20,0,50,0,22,0,12,0
onos-app-yms,org.onosproject.yang.gen.v1.yms.test.ytb.tree.builder.yangautoprefixfor.list.having.list.rev20160826,YtbTreeBuilderForListHavingListOpParam.YtbTreeBuilderForListHavingListBuilder,24,0,0,0,9,0,6,0,6,0
onos-app-yms,org.onosproject.yang.gen.v1.yms.test.ytb.tree.builder.yangautoprefixfor.list.having.list.rev20160826,YtbTreeBuilderForListHavingListOpParam,114,0,16,0,34,0,18,0,10,0
onos-app-yms,org.onosproject.yang.gen.v1.yms.test.ytb.tree.builder.yangautoprefixfor.list.having.list.rev20160826,YtbTreeBuilderForListHavingListOpParam.OnosYangNodeOperationType,78,0,0,0,7,0,4,0,4,0
onos-app-yms,org.onosproject.yang.gen.v1.urn.ietf.params.xml.ns.yang.ietf.network4.rev20161208,IetfNetwork4OpParam,41,0,6,0,13,0,8,0,5,0
onos-app-yms,org.onosproject.yang.gen.v1.urn.ietf.params.xml.ns.yang.ietf.network4.rev20161208,IetfNetwork4OpParam.IetfNetwork4Builder,8,0,0,0,3,0,2,0,2,0
onos-app-yms,org.onosproject.yang.gen.v1.ydt.purchasing.supervisor.rev20160524,PurchasingsupervisorOpParam,103,11,16,0,30,4,17,1,9,1
onos-app-yms,org.onosproject.yang.gen.v1.ydt.purchasing.supervisor.rev20160524,PurchasingsupervisorOpParam.PurchasingsupervisorBuilder,5,19,0,0,2,7,1,5,1,5
onos-app-yms,org.onosproject.yang.gen.v1.ydt.purchasing.supervisor.rev20160524,PurchasingsupervisorOpParam.OnosYangNodeOperationType,0,78,0,0,0,7,0,4,0,4
onos-app-yms,org.onosproject.yang.gen.v1.urn.ietf.params.xml.ns.yang.ietf.inet.types.rev20130715.ietfinettypes.ipprefix,IpPrefixUnion,104,0,8,0,33,0,15,0,11,0
onos-app-yms,org.onosproject.yang.gen.v1.urn.ietf.params.xml.ns.yang.ietf.inet.types.rev20130715.ietfinettypes.ipversion,IpVersionEnum,122,0,18,0,24,0,21,0,9,0
onos-app-yms,org.onosproject.yang.gen.v1.ydt.integer8.rev20160524,Integer8.LeafIdentifier,9,125,0,0,0,15,2,3,2,3
onos-app-yms,org.onosproject.yang.gen.v1.ydt.integer8.rev20160524,Integer8OpParam.OnosYangNodeOperationType,0,78,0,0,0,7,0,4,0,4
onos-app-yms,org.onosproject.yang.gen.v1.ydt.integer8.rev20160524,Integer8OpParam.Integer8Builder,17,172,0,0,6,52,3,27,3,27
onos-app-yms,org.onosproject.yang.gen.v1.ydt.integer8.rev20160524,Integer8OpParam,784,74,138,0,159,19,93,1,24,1
onos-app-yms,org.onosproject.yang.gen.v1.ydt.enumtest.rev20160524,EnumtestOpParam.EnumtestBuilder,10,26,0,0,4,8,2,5,2,5
onos-app-yms,org.onosproject.yang.gen.v1.ydt.enumtest.rev20160524,EnumtestOpParam.OnosYangNodeOperationType,0,78,0,0,0,7,0,4,0,4
onos-app-yms,org.onosproject.yang.gen.v1.ydt.enumtest.rev20160524,EnumtestOpParam,181,16,34,0,43,5,26,1,9,1
onos-app-yms,org.onosproject.yang.gen.v1.ydt.yangautoprefixboolean.rev20160524.bool,DefaultBooleanList,212,38,22,0,50,10,26,1,15,1
onos-app-yms,org.onosproject.yang.gen.v1.ydt.yangautoprefixboolean.rev20160524.bool,BooleanList.LeafIdentifier,9,26,0,0,0,6,2,3,2,3
onos-app-yms,org.onosproject.yang.gen.v1.ydt.yangautoprefixboolean.rev20160524.bool,DefaultBooleanList.BooleanListBuilder,24,48,0,0,7,14,4,8,4,8
onos-app-yms,org.onosproject.yang.gen.v1.ydt.yangautoprefixboolean.rev20160524.bool,DefaultBooleanList.OnosYangNodeOperationType,0,78,0,0,0,7,0,4,0,4
onos-app-yms,org.onosproject.yang.gen.v1.ydt.merchandiser.supervisor.rev20160524,MerchandisersupervisorOpParam.OnosYangNodeOperationType,0,78,0,0,0,7,0,4,0,4
onos-app-yms,org.onosproject.yang.gen.v1.ydt.merchandiser.supervisor.rev20160524,MerchandisersupervisorOpParam.MerchandisersupervisorBuilder,12,40,0,0,4,12,2,7,2,7
onos-app-yms,org.onosproject.yang.gen.v1.ydt.merchandiser.supervisor.rev20160524,MerchandisersupervisorOpParam,138,39,20,0,32,11,20,4,10,4
onos-app-yms,org.onosproject.yang.gen.v1.ydt.merchandiser.supervisor.rev20160524,Merchandisersupervisor.LeafIdentifier,9,26,0,0,0,6,2,3,2,3
onos-app-yms,org.onosproject.yang.gen.v1.urn.ietf.params.xml.ns.yang.ietf.network4.ietfnetwork4.networkdown,DefaultNetworks.OnosYangNodeOperationType,78,0,0,0,7,0,4,0,4,0
onos-app-yms,org.onosproject.yang.gen.v1.urn.ietf.params.xml.ns.yang.ietf.network4.ietfnetwork4.networkdown,DefaultNetworks,309,0,34,0,72,0,35,0,18,0
onos-app-yms,org.onosproject.yang.gen.v1.urn.ietf.params.xml.ns.yang.ietf.network4.ietfnetwork4.networkdown,Networks.LeafIdentifier,35,0,0,0,6,0,5,0,5,0
onos-app-yms,org.onosproject.yang.gen.v1.urn.ietf.params.xml.ns.yang.ietf.network4.ietfnetwork4.networkdown,DefaultNetworks.NetworksBuilder,80,0,0,0,24,0,14,0,14,0
onos-app-yms,org.onosproject.yang.gen.v1.ydt.integer32.rev20160524.integer32,DefaultMultiRangeValidation,386,50,54,0,79,13,45,1,18,1
onos-app-yms,org.onosproject.yang.gen.v1.ydt.integer32.rev20160524.integer32,MultiRangeValidation.LeafIdentifier,9,59,0,0,0,9,2,3,2,3
onos-app-yms,org.onosproject.yang.gen.v1.ydt.integer32.rev20160524.integer32,DefaultMultiRangeValidation.MultiRangeValidationBuilder,24,87,0,0,7,26,4,14,4,14
onos-app-yms,org.onosproject.yang.gen.v1.ydt.integer32.rev20160524.integer32,DefaultMultiRangeValidation.OnosYangNodeOperationType,0,78,0,0,0,7,0,4,0,4
onos-app-yms,org.onosproject.yang.gen.v1.ydt.integer16.rev20160524.integer16,DefaultMultiRangeValidation,384,50,54,0,79,13,45,1,18,1
onos-app-yms,org.onosproject.yang.gen.v1.ydt.integer16.rev20160524.integer16,DefaultMultiRangeValidation.OnosYangNodeOperationType,0,78,0,0,0,7,0,4,0,4
onos-app-yms,org.onosproject.yang.gen.v1.ydt.integer16.rev20160524.integer16,DefaultMultiRangeValidation.MultiRangeValidationBuilder,24,87,0,0,7,26,4,14,4,14
onos-app-yms,org.onosproject.yang.gen.v1.ydt.integer16.rev20160524.integer16,MultiRangeValidation.LeafIdentifier,9,59,0,0,0,9,2,3,2,3
onos-app-yms,org.onosproject.yang.gen.v1.urn.ietf.params.xml.ns.yang.ietf.network2.rev20151208.ietfnetwork2.networkdown.networks,Network.LeafIdentifier,35,0,0,0,6,0,5,0,5,0
onos-app-yms,org.onosproject.yang.gen.v1.urn.ietf.params.xml.ns.yang.ietf.network2.rev20151208.ietfnetwork2.networkdown.networks,DefaultNetwork,250,0,22,0,59,0,27,0,16,0
onos-app-yms,org.onosproject.yang.gen.v1.urn.ietf.params.xml.ns.yang.ietf.network2.rev20151208.ietfnetwork2.networkdown.networks,DefaultNetwork.NetworkBuilder,72,0,0,0,21,0,12,0,12,0
onos-app-yms,org.onosproject.yang.gen.v1.urn.ietf.params.xml.ns.yang.ietf.network2.rev20151208.ietfnetwork2.networkdown.networks,DefaultNetwork.OnosYangNodeOperationType,78,0,0,0,7,0,4,0,4,0
onos-app-yms,org.onosproject.yang.gen.v1.urn.ietf.params.xml.ns.yang.ietf.network4.rev20161208.ietfnetwork4.networkdown.networks,Network.LeafIdentifier,35,0,0,0,6,0,5,0,5,0
onos-app-yms,org.onosproject.yang.gen.v1.urn.ietf.params.xml.ns.yang.ietf.network4.rev20161208.ietfnetwork4.networkdown.networks,DefaultNetwork,250,0,22,0,59,0,27,0,16,0
onos-app-yms,org.onosproject.yang.gen.v1.urn.ietf.params.xml.ns.yang.ietf.network4.rev20161208.ietfnetwork4.networkdown.networks,DefaultNetwork.OnosYangNodeOperationType,78,0,0,0,7,0,4,0,4,0
onos-app-yms,org.onosproject.yang.gen.v1.urn.ietf.params.xml.ns.yang.ietf.network4.rev20161208.ietfnetwork4.networkdown.networks,DefaultNetwork.NetworkBuilder,72,0,0,0,21,0,12,0,12,0
onos-app-yms,org.onosproject.yang.gen.v1.yms.test.ytb.module.with.leaf.ietfschedule.rev20160826,YtbIetfSchedule.LeafIdentifier,5,41,0,0,0,7,1,4,1,4
onos-app-yms,org.onosproject.yang.gen.v1.yms.test.ytb.module.with.leaf.ietfschedule.rev20160826,YtbIetfScheduleOpParam.OnosYangNodeOperationType,9,69,0,0,0,7,2,2,2,2
onos-app-yms,org.onosproject.yang.gen.v1.yms.test.ytb.module.with.leaf.ietfschedule.rev20160826,YtbIetfScheduleOpParam,372,70,72,0,80,19,47,8,11,8
onos-app-yms,org.onosproject.yang.gen.v1.yms.test.ytb.module.with.leaf.ietfschedule.rev20160826,YtbIetfScheduleOpParam.YtbIetfScheduleBuilder,19,74,0,0,6,23,3,13,3,13
onos-app-yms,org.onosproject.yang.gen.v1.yms.test.ytb.multi.notification.with.container.rev20160826,YtbMultiNotificationWithContainerOpParam.YtbMultiNotificationWithContainerBuilder,8,0,0,0,3,0,2,0,2,0
onos-app-yms,org.onosproject.yang.gen.v1.yms.test.ytb.multi.notification.with.container.rev20160826,YtbMultiNotificationWithContainerOpParam,41,0,6,0,13,0,8,0,5,0
onos-app-yms,org.onosproject.yang.gen.v1.ydt.customs.supervisor.rev20160524,Customssupervisor.LeafIdentifier,9,26,0,0,0,6,2,3,2,3
onos-app-yms,org.onosproject.yang.gen.v1.ydt.customs.supervisor.rev20160524,CustomssupervisorOpParam,138,39,20,0,32,11,20,4,10,4
onos-app-yms,org.onosproject.yang.gen.v1.ydt.customs.supervisor.rev20160524,CustomssupervisorOpParam.OnosYangNodeOperationType,0,78,0,0,0,7,0,4,0,4
onos-app-yms,org.onosproject.yang.gen.v1.ydt.customs.supervisor.rev20160524,CustomssupervisorOpParam.CustomssupervisorBuilder,12,40,0,0,4,12,2,7,2,7
onos-app-yms,org.onosproject.yang.gen.v1.yms.test.ytb.module.with.container.rev20160826.ytbmodulewithcontainer,DefaultSched.SchedBuilder,19,53,0,0,5,16,3,9,3,9
onos-app-yms,org.onosproject.yang.gen.v1.yms.test.ytb.module.with.container.rev20160826.ytbmodulewithcontainer,Sched.LeafIdentifier,5,30,0,0,0,6,1,4,1,4
onos-app-yms,org.onosproject.yang.gen.v1.yms.test.ytb.module.with.container.rev20160826.ytbmodulewithcontainer,DefaultSched,194,53,22,0,45,14,22,5,11,5
onos-app-yms,org.onosproject.yang.gen.v1.yms.test.ytb.module.with.container.rev20160826.ytbmodulewithcontainer,DefaultSched.OnosYangNodeOperationType,9,69,0,0,0,7,2,2,2,2
onos-app-yms,org.onosproject.yang.gen.v1.ydt.purchasing.supervisor.rev20160524.purchasingsupervisor,DefaultSupervisor.OnosYangNodeOperationType,0,78,0,0,0,7,0,4,0,4
onos-app-yms,org.onosproject.yang.gen.v1.ydt.purchasing.supervisor.rev20160524.purchasingsupervisor,DefaultSupervisor,274,42,38,0,61,11,35,1,16,1
onos-app-yms,org.onosproject.yang.gen.v1.ydt.purchasing.supervisor.rev20160524.purchasingsupervisor,DefaultSupervisor.SupervisorBuilder,24,61,0,0,7,18,4,10,4,10
onos-app-yms,org.onosproject.yang.gen.v1.ydt.purchasing.supervisor.rev20160524.purchasingsupervisor,Supervisor.LeafIdentifier,9,37,0,0,0,7,2,3,2,3
onos-app-yms,org.onosproject.yang.gen.v1.ydt.yangautoprefixboolean.rev20160524,BoolOpParam.OnosYangNodeOperationType,0,78,0,0,0,7,0,4,0,4
onos-app-yms,org.onosproject.yang.gen.v1.ydt.yangautoprefixboolean.rev20160524,BoolOpParam.BoolBuilder,10,26,0,0,4,8,2,5,2,5
onos-app-yms,org.onosproject.yang.gen.v1.ydt.yangautoprefixboolean.rev20160524,BoolOpParam,181,16,34,0,43,5,26,1,9,1
onos-app-yms,org.onosproject.yang.gen.v1.ydt.bit.rev20160524,BitOpParam.BitBuilder,36,0,0,0,12,0,7,0,7,0
onos-app-yms,org.onosproject.yang.gen.v1.ydt.bit.rev20160524,BitOpParam.OnosYangNodeOperationType,78,0,0,0,7,0,4,0,4,0
onos-app-yms,org.onosproject.yang.gen.v1.ydt.bit.rev20160524,BitOpParam,197,0,34,0,48,0,27,0,10,0
onos-app-yms,org.onosproject.yms.app.yob,YobHandlerFactory,8,26,1,4,4,6,2,5,1,2
onos-app-yms,org.onosproject.yms.app.yob,YobHandler.new Object() {...},18,113,0,0,0,1,0,1,0,1
onos-app-yms,org.onosproject.yms.app.yob,YobSingleInstanceLeafHandler,11,69,0,0,2,28,0,5,0,5
onos-app-yms,org.onosproject.yms.app.yob,YobBuilderContainer,119,113,8,4,41,38,7,10,2,9
onos-app-yms,org.onosproject.yms.app.yob,YobBuilderOrBuiltObject,75,80,8,8,14,30,8,10,0,10
onos-app-yms,org.onosproject.yms.app.yob,YobHandlerFactory.new Object() {...},4,29,0,0,0,1,0,1,0,1
onos-app-yms,org.onosproject.yms.app.yob,YobListener,15,55,2,4,5,25,4,8,2,7
onos-app-yms,org.onosproject.yms.app.yob,YobMultiInstanceHandler,0,3,0,0,0,1,0,1,0,1
onos-app-yms,org.onosproject.yms.app.yob,DefaultYobBuilder,2,28,1,1,1,10,1,2,0,2
onos-app-yms,org.onosproject.yms.app.yob,YobNodeContextInfo,10,0,0,0,4,0,3,0,3,0
onos-app-yms,org.onosproject.yms.app.yob,YobSingleInstanceHandler,0,3,0,0,0,1,0,1,0,1
onos-app-yms,org.onosproject.yms.app.yob,YobMultiInstanceLeafHandler,12,99,0,2,3,36,0,6,0,5
onos-app-yms,org.onosproject.yms.app.yob,YobHandler,82,517,14,33,20,157,14,24,0,8
onos-app-yms,org.onosproject.yms.app.yob,YobConstants,3,0,0,0,2,0,1,0,1,0
onos-app-yms,org.onosproject.yang.gen.v1.ydt.integer64.rev20160524.integer64,DefaultMultiRangeValidation,380,50,54,0,79,13,45,1,18,1
onos-app-yms,org.onosproject.yang.gen.v1.ydt.integer64.rev20160524.integer64,MultiRangeValidation.LeafIdentifier,9,59,0,0,0,9,2,3,2,3
onos-app-yms,org.onosproject.yang.gen.v1.ydt.integer64.rev20160524.integer64,DefaultMultiRangeValidation.MultiRangeValidationBuilder,24,87,0,0,7,26,4,14,4,14
onos-app-yms,org.onosproject.yang.gen.v1.ydt.integer64.rev20160524.integer64,DefaultMultiRangeValidation.OnosYangNodeOperationType,0,78,0,0,0,7,0,4,0,4
onos-app-yms,org.onosproject.yang.gen.v1.yms.test.ytb.module.with.container.rev20160826,YtbModuleWithContainerOpParam.YtbModuleWithContainerBuilder,0,24,0,0,0,9,0,6,0,6
onos-app-yms,org.onosproject.yang.gen.v1.yms.test.ytb.module.with.container.rev20160826,YtbModuleWithContainerOpParam,97,17,16,0,28,6,15,3,7,3
onos-app-yms,org.onosproject.yang.gen.v1.yms.test.ytb.module.with.container.rev20160826,YtbModuleWithContainerOpParam.OnosYangNodeOperationType,9,69,0,0,0,7,2,2,2,2
onos-app-yms,org.onosproject.yang.gen.v1.ych.combined.rev20160524.combined.attributes.bgpparameters,DefaultOptionalCapabilities,162,26,20,0,42,8,19,3,9,3
onos-app-yms,org.onosproject.yang.gen.v1.ych.combined.rev20160524.combined.attributes.bgpparameters,DefaultOptionalCapabilities.OnosYangNodeOperationType,78,0,0,0,7,0,4,0,4,0
onos-app-yms,org.onosproject.yang.gen.v1.ych.combined.rev20160524.combined.attributes.bgpparameters,DefaultOptionalCapabilities.OptionalCapabilitiesBuilder,17,27,0,0,5,9,3,6,3,6
onos-app-yms,org.onosproject.yms.app.ymsm,YmsManager,130,74,10,0,28,17,21,4,15,4
onos-app-yms,org.onosproject.yms.app.ymsm,YmsManager.new Object() {...},33,0,0,0,1,0,1,0,1,0
onos-app-yms,org.onosproject.yang.gen.v1.urn.ietf.params.xml.ns.yang.ietf.network4.rev20161208.ietfnetwork4.networkup,DefaultNetworks.OnosYangNodeOperationType,78,0,0,0,7,0,4,0,4,0
onos-app-yms,org.onosproject.yang.gen.v1.urn.ietf.params.xml.ns.yang.ietf.network4.rev20161208.ietfnetwork4.networkup,Networks.LeafIdentifier,35,0,0,0,6,0,5,0,5,0
onos-app-yms,org.onosproject.yang.gen.v1.urn.ietf.params.xml.ns.yang.ietf.network4.rev20161208.ietfnetwork4.networkup,DefaultNetworks.NetworksBuilder,80,0,0,0,24,0,14,0,14,0
onos-app-yms,org.onosproject.yang.gen.v1.urn.ietf.params.xml.ns.yang.ietf.network4.rev20161208.ietfnetwork4.networkup,DefaultNetworks,309,0,34,0,72,0,35,0,18,0
onos-app-yms,org.onosproject.yang.gen.v1.ydt.decimal64.rev20160524.decimal64,DefaultMultiRangeValidation,266,42,34,0,59,11,33,1,16,1
onos-app-yms,org.onosproject.yang.gen.v1.ydt.decimal64.rev20160524.decimal64,DefaultMultiRangeValidation.MultiRangeValidationBuilder,24,61,0,0,7,18,4,10,4,10
onos-app-yms,org.onosproject.yang.gen.v1.ydt.decimal64.rev20160524.decimal64,MultiRangeValidation.LeafIdentifier,9,37,0,0,0,7,2,3,2,3
onos-app-yms,org.onosproject.yang.gen.v1.ydt.decimal64.rev20160524.decimal64,DefaultMultiRangeValidation.OnosYangNodeOperationType,0,78,0,0,0,7,0,4,0,4
onos-app-yms,org.onosproject.yang.gen.v1.ych.combined.rev20160524.combined.attributes.aigp,AigpTlv.LeafIdentifier,9,26,0,0,0,6,2,3,2,3
onos-app-yms,org.onosproject.yang.gen.v1.ych.combined.rev20160524.combined.attributes.aigp,DefaultAigpTlv,207,44,24,0,47,12,25,3,13,3
onos-app-yms,org.onosproject.yang.gen.v1.ych.combined.rev20160524.combined.attributes.aigp,DefaultAigpTlv.OnosYangNodeOperationType,78,0,0,0,7,0,4,0,4,0
onos-app-yms,org.onosproject.yang.gen.v1.ych.combined.rev20160524.combined.attributes.aigp,DefaultAigpTlv.AigpTlvBuilder,24,48,0,0,7,14,4,8,4,8
onos-app-yms,org.onosproject.yang.gen.v1.urn.ietf.params.xml.ns.yang.ietf.network4,IetfNetwork4OpParam.IetfNetwork4Builder,8,0,0,0,3,0,2,0,2,0
onos-app-yms,org.onosproject.yang.gen.v1.urn.ietf.params.xml.ns.yang.ietf.network4,IetfNetwork4OpParam,41,0,6,0,13,0,8,0,5,0
onos-app-yms,org.onosproject.yang.gen.v1.urn.ietf.params.xml.ns.yang.ietf.network4.rev20161208.ietfnetwork4.networkdown,DefaultNetworks.OnosYangNodeOperationType,78,0,0,0,7,0,4,0,4,0
onos-app-yms,org.onosproject.yang.gen.v1.urn.ietf.params.xml.ns.yang.ietf.network4.rev20161208.ietfnetwork4.networkdown,Networks.LeafIdentifier,35,0,0,0,6,0,5,0,5,0
onos-app-yms,org.onosproject.yang.gen.v1.urn.ietf.params.xml.ns.yang.ietf.network4.rev20161208.ietfnetwork4.networkdown,DefaultNetworks,309,0,34,0,72,0,35,0,18,0
onos-app-yms,org.onosproject.yang.gen.v1.urn.ietf.params.xml.ns.yang.ietf.network4.rev20161208.ietfnetwork4.networkdown,DefaultNetworks.NetworksBuilder,80,0,0,0,24,0,14,0,14,0
onos-app-yms,org.onosproject.yang.gen.v1.ych.combined.rev20160524.combined.attributes.bgpparameters.optionalcapabilities.cparameters,DefaultAs4BytesCapability,207,44,24,0,47,12,25,3,13,3
onos-app-yms,org.onosproject.yang.gen.v1.ych.combined.rev20160524.combined.attributes.bgpparameters.optionalcapabilities.cparameters,DefaultAs4BytesCapability.OnosYangNodeOperationType,78,0,0,0,7,0,4,0,4,0
onos-app-yms,org.onosproject.yang.gen.v1.ych.combined.rev20160524.combined.attributes.bgpparameters.optionalcapabilities.cparameters,As4BytesCapability.LeafIdentifier,9,26,0,0,0,6,2,3,2,3
onos-app-yms,org.onosproject.yang.gen.v1.ych.combined.rev20160524.combined.attributes.bgpparameters.optionalcapabilities.cparameters,DefaultAs4BytesCapability.As4BytesCapabilityBuilder,24,48,0,0,7,14,4,8,4,8
onos-app-yms,org.onosproject.yang.gen.v1.ydt.test6.rev20160524,Test6OpParam,346,61,66,0,73,17,45,6,12,6
onos-app-yms,org.onosproject.yang.gen.v1.ydt.test6.rev20160524,Test6.LeafIdentifier,9,26,0,0,0,6,2,3,2,3
onos-app-yms,org.onosproject.yang.gen.v1.ydt.test6.rev20160524,Test6OpParam.Test6Builder,17,71,0,0,6,22,3,13,3,13
onos-app-yms,org.onosproject.yang.gen.v1.ydt.test6.rev20160524,Test6OpParam.OnosYangNodeOperationType,0,78,0,0,0,7,0,4,0,4
onos-app-yms,org.onosproject.yang.gen.v1.yms.test.ytb.multi.module.a.rev20160826.ytbmultimodulea,DefaultYtbmultilist.YtbmultilistBuilder,31,48,0,0,9,14,5,8,5,8
onos-app-yms,org.onosproject.yang.gen.v1.yms.test.ytb.multi.module.a.rev20160826.ytbmultimodulea,DefaultYtbmultilist,276,49,40,0,64,13,33,3,13,3
onos-app-yms,org.onosproject.yang.gen.v1.yms.test.ytb.multi.module.a.rev20160826.ytbmultimodulea,Ytbmultilist.LeafIdentifier,35,0,0,0,6,0,5,0,5,0
onos-app-yms,org.onosproject.yang.gen.v1.yms.test.ytb.multi.module.a.rev20160826.ytbmultimodulea,DefaultYtbmultilist.OnosYangNodeOperationType,78,0,0,0,7,0,4,0,4,0
onos-app-yms,org.onosproject.yang.gen.v1.ydt.trading.supervisor.rev20160524,Tradingsupervisor.LeafIdentifier,9,26,0,0,0,6,2,3,2,3
onos-app-yms,org.onosproject.yang.gen.v1.ydt.trading.supervisor.rev20160524,TradingsupervisorOpParam.TradingsupervisorBuilder,12,40,0,0,4,12,2,7,2,7
onos-app-yms,org.onosproject.yang.gen.v1.ydt.trading.supervisor.rev20160524,TradingsupervisorOpParam.OnosYangNodeOperationType,0,78,0,0,0,7,0,4,0,4
onos-app-yms,org.onosproject.yang.gen.v1.ydt.trading.supervisor.rev20160524,TradingsupervisorOpParam,138,39,20,0,32,11,20,4,10,4
onos-app-yms,org.onosproject.yang.gen.v1.ydt.integer32.rev20160524,Integer32OpParam.OnosYangNodeOperationType,0,78,0,0,0,7,0,4,0,4
onos-app-yms,org.onosproject.yang.gen.v1.ydt.integer32.rev20160524,Integer32OpParam,789,74,138,0,159,19,93,1,24,1
onos-app-yms,org.onosproject.yang.gen.v1.ydt.integer32.rev20160524,Integer32.LeafIdentifier,9,125,0,0,0,15,2,3,2,3
onos-app-yms,org.onosproject.yang.gen.v1.ydt.integer32.rev20160524,Integer32OpParam.Integer32Builder,17,172,0,0,6,52,3,27,3,27
onos-app-yms,org.onosproject.yang.gen.v1.urn.ietf.params.xml.ns.yang.ietf.network4.rev20151208.ietfnetwork4.networkdown.networks,DefaultNetwork.NetworkBuilder,72,0,0,0,21,0,12,0,12,0
onos-app-yms,org.onosproject.yang.gen.v1.urn.ietf.params.xml.ns.yang.ietf.network4.rev20151208.ietfnetwork4.networkdown.networks,Network.LeafIdentifier,35,0,0,0,6,0,5,0,5,0
onos-app-yms,org.onosproject.yang.gen.v1.urn.ietf.params.xml.ns.yang.ietf.network4.rev20151208.ietfnetwork4.networkdown.networks,DefaultNetwork.OnosYangNodeOperationType,78,0,0,0,7,0,4,0,4,0
onos-app-yms,org.onosproject.yang.gen.v1.urn.ietf.params.xml.ns.yang.ietf.network4.rev20151208.ietfnetwork4.networkdown.networks,DefaultNetwork,250,0,22,0,59,0,27,0,16,0
onos-app-yms,org.onosproject.yang.gen.v1.ydt.binarytest.rev20160524.binarytest,BinaryList.LeafIdentifier,57,0,0,0,8,0,5,0,5,0
onos-app-yms,org.onosproject.yang.gen.v1.ydt.binarytest.rev20160524.binarytest,DefaultBinaryList,377,0,50,0,84,0,43,0,18,0
onos-app-yms,org.onosproject.yang.gen.v1.ydt.binarytest.rev20160524.binarytest,DefaultBinaryList.BinaryListBuilder,98,0,0,0,29,0,16,0,16,0
onos-app-yms,org.onosproject.yang.gen.v1.ydt.binarytest.rev20160524.binarytest,DefaultBinaryList.OnosYangNodeOperationType,78,0,0,0,7,0,4,0,4,0
onos-app-yms,org.onosproject.yang.gen.v1.urn.ietf.params.xml.ns.yang.ietf.network4.rev20141208.ietfnetwork4.networkdown,DefaultNetworks.NetworksBuilder,80,0,0,0,24,0,14,0,14,0
onos-app-yms,org.onosproject.yang.gen.v1.urn.ietf.params.xml.ns.yang.ietf.network4.rev20141208.ietfnetwork4.networkdown,Networks.LeafIdentifier,35,0,0,0,6,0,5,0,5,0
onos-app-yms,org.onosproject.yang.gen.v1.urn.ietf.params.xml.ns.yang.ietf.network4.rev20141208.ietfnetwork4.networkdown,DefaultNetworks.OnosYangNodeOperationType,78,0,0,0,7,0,4,0,4,0
onos-app-yms,org.onosproject.yang.gen.v1.urn.ietf.params.xml.ns.yang.ietf.network4.rev20141208.ietfnetwork4.networkdown,DefaultNetworks,309,0,34,0,72,0,35,0,18,0
onos-app-yms,org.onosproject.yms.app.ych.codecutils,YchException,12,4,0,0,6,2,3,1,3,1
onos-app-yms,org.onosproject.yms.app.ych.codecutils,XmlCodecSingleInstanceLeafHandler,0,10,0,0,0,3,0,2,0,2
onos-app-yms,org.onosproject.yms.app.ych.codecutils,CodecHandlerFactory.new Object() {...},4,29,0,0,0,1,0,1,0,1
onos-app-yms,org.onosproject.yms.app.ych.codecutils,YchYangDataTreeCodec,19,260,10,32,7,76,11,24,1,11
onos-app-yms,org.onosproject.yms.app.ych.codecutils,XmlNodeType,9,29,0,0,0,3,2,2,2,2
onos-app-yms,org.onosproject.yms.app.ych.codecutils,XmlCodecSingleInstanceHandler,0,3,0,0,0,1,0,1,0,1
onos-app-yms,org.onosproject.yms.app.ych.codecutils,CodecHandlerFactory,8,46,5,8,4,14,6,5,1,2
onos-app-yms,org.onosproject.yms.app.ych.codecutils,CodecUtilConstants,3,0,0,0,2,0,1,0,1,0
onos-app-yms,org.onosproject.yms.app.ych.codecutils,XmlCodecListener,0,88,6,14,0,27,6,9,0,5
onos-app-yms,org.onosproject.yms.app.ych.codecutils,CodecYdtListener,7,63,2,6,5,21,5,10,3,8
onos-app-yms,org.onosproject.yms.app.ych.codecutils,XmlCodecHandler,14,62,5,7,3,19,4,6,0,4
onos-app-yms,org.onosproject.yms.app.ych.codecutils,XmlCodecMultiInstanceHandler,0,3,0,0,0,1,0,1,0,1
onos-app-yms,org.onosproject.yms.app.ych.codecutils,XmlCodecMultiInstanceLeafHandler,1,45,1,3,1,12,1,3,0,2
onos-app-yms,org.onosproject.yms.app.ych.codecutils,DefaultXmlCodecWalker,8,56,2,8,3,14,2,6,0,3
onos-app-yms,org.onosproject.yang.gen.v1.urn.ietf.params.xml.ns.yang.ietf.network3.rev20151208.ietfnetwork3.networks,Network.LeafIdentifier,35,0,0,0,6,0,5,0,5,0
onos-app-yms,org.onosproject.yang.gen.v1.urn.ietf.params.xml.ns.yang.ietf.network3.rev20151208.ietfnetwork3.networks,DefaultNetwork.NetworkBuilder,72,0,0,0,21,0,12,0,12,0
onos-app-yms,org.onosproject.yang.gen.v1.urn.ietf.params.xml.ns.yang.ietf.network3.rev20151208.ietfnetwork3.networks,DefaultNetwork,250,0,22,0,59,0,27,0,16,0
onos-app-yms,org.onosproject.yang.gen.v1.urn.ietf.params.xml.ns.yang.ietf.network3.rev20151208.ietfnetwork3.networks,DefaultNetwork.OnosYangNodeOperationType,78,0,0,0,7,0,4,0,4,0
onos-app-yms,org.onosproject.yang.gen.v1.ydt.food.rev20160624.food,DefaultFood.OnosYangNodeOperationType,78,0,0,0,7,0,4,0,4,0
onos-app-yms,org.onosproject.yang.gen.v1.ydt.food.rev20160624.food,DefaultFood.FoodBuilder,44,0,0,0,14,0,9,0,9,0
onos-app-yms,org.onosproject.yang.gen.v1.ydt.food.rev20160624.food,DefaultFood,188,0,20,0,50,0,22,0,12,0
onos-app-yms,org.onosproject.yang.gen.v1.yms.test.ytb.multi.notification.with.container.rev20160826.ytbmultinotificationwithcontainer.fortesta,DefaultYtbnot.YtbnotBuilder,24,48,0,0,7,14,4,8,4,8
onos-app-yms,org.onosproject.yang.gen.v1.yms.test.ytb.multi.notification.with.container.rev20160826.ytbmultinotificationwithcontainer.fortesta,DefaultYtbnot.OnosYangNodeOperationType,78,0,0,0,7,0,4,0,4,0
onos-app-yms,org.onosproject.yang.gen.v1.yms.test.ytb.multi.notification.with.container.rev20160826.ytbmultinotificationwithcontainer.fortesta,Ytbnot.LeafIdentifier,9,26,0,0,0,6,2,3,2,3
onos-app-yms,org.onosproject.yang.gen.v1.yms.test.ytb.multi.notification.with.container.rev20160826.ytbmultinotificationwithcontainer.fortesta,DefaultYtbnot,207,44,24,0,47,12,25,3,13,3
onos-app-yms,org.onosproject.yang.gen.v1.urn.ietf.params.xml.ns.yang.ietf.network4.rev20141208.ietfnetwork4,DefaultNetworkUp.OnosYangNodeOperationType,78,0,0,0,7,0,4,0,4,0
onos-app-yms,org.onosproject.yang.gen.v1.urn.ietf.params.xml.ns.yang.ietf.network4.rev20141208.ietfnetwork4,IetfNetwork4Event.Type,38,0,0,0,3,0,4,0,4,0
onos-app-yms,org.onosproject.yang.gen.v1.urn.ietf.params.xml.ns.yang.ietf.network4.rev20141208.ietfnetwork4,IetfNetwork4EventSubject,17,0,0,0,7,0,5,0,5,0
onos-app-yms,org.onosproject.yang.gen.v1.urn.ietf.params.xml.ns.yang.ietf.network4.rev20141208.ietfnetwork4,DefaultNetworkDown,188,0,20,0,50,0,22,0,12,0
onos-app-yms,org.onosproject.yang.gen.v1.urn.ietf.params.xml.ns.yang.ietf.network4.rev20141208.ietfnetwork4,DefaultNetworkDown.NetworkDownBuilder,44,0,0,0,14,0,9,0,9,0
onos-app-yms,org.onosproject.yang.gen.v1.urn.ietf.params.xml.ns.yang.ietf.network4.rev20141208.ietfnetwork4,DefaultNetworkDown.OnosYangNodeOperationType,78,0,0,0,7,0,4,0,4,0
onos-app-yms,org.onosproject.yang.gen.v1.urn.ietf.params.xml.ns.yang.ietf.network4.rev20141208.ietfnetwork4,IetfNetwork4Event,11,0,0,0,4,0,2,0,2,0
onos-app-yms,org.onosproject.yang.gen.v1.urn.ietf.params.xml.ns.yang.ietf.network4.rev20141208.ietfnetwork4,DefaultNetworkUp,188,0,20,0,50,0,22,0,12,0
onos-app-yms,org.onosproject.yang.gen.v1.urn.ietf.params.xml.ns.yang.ietf.network4.rev20141208.ietfnetwork4,DefaultNetworkUp.NetworkUpBuilder,44,0,0,0,14,0,9,0,9,0
onos-app-yms,org.onosproject.yang.gen.v1.yms.test.ytb.module.with.leaflist.rev20160826,YtbModuleWithLeafListOpParam,211,40,36,0,50,11,29,3,11,3
onos-app-yms,org.onosproject.yang.gen.v1.yms.test.ytb.module.with.leaflist.rev20160826,YtbModuleWithLeafListOpParam.OnosYangNodeOperationType,78,0,0,0,7,0,4,0,4,0
onos-app-yms,org.onosproject.yang.gen.v1.yms.test.ytb.module.with.leaflist.rev20160826,YtbModuleWithLeafListOpParam.YtbModuleWithLeafListBuilder,19,40,0,0,6,12,3,7,3,7
onos-app-yms,org.onosproject.yang.gen.v1.yms.test.ytb.module.with.leaflist.rev20160826,YtbModuleWithLeafList.LeafIdentifier,35,0,0,0,6,0,5,0,5,0
onos-app-yms,org.onosproject.yang.gen.v1.ydt.hello.onos.rev20160903.helloonos.helloworld,HelloWorldInput.LeafIdentifier,57,0,0,0,8,0,5,0,5,0
onos-app-yms,org.onosproject.yang.gen.v1.ydt.hello.onos.rev20160903.helloonos.helloworld,HelloWorldOutput.LeafIdentifier,35,0,0,0,6,0,5,0,5,0
onos-app-yms,org.onosproject.yang.gen.v1.ydt.hello.onos.rev20160903.helloonos.helloworld,DefaultHelloWorldInput.HelloWorldInputBuilder,118,0,0,0,35,0,19,0,19,0
onos-app-yms,org.onosproject.yang.gen.v1.ydt.hello.onos.rev20160903.helloonos.helloworld,DefaultHelloWorldInput,515,0,78,0,108,0,59,0,20,0
onos-app-yms,org.onosproject.yang.gen.v1.ydt.hello.onos.rev20160903.helloonos.helloworld,DefaultHelloWorldOutput.OnosYangNodeOperationType,78,0,0,0,7,0,4,0,4,0
onos-app-yms,org.onosproject.yang.gen.v1.ydt.hello.onos.rev20160903.helloonos.helloworld,DefaultHelloWorldOutput.HelloWorldOutputBuilder,72,0,0,0,21,0,12,0,12,0
onos-app-yms,org.onosproject.yang.gen.v1.ydt.hello.onos.rev20160903.helloonos.helloworld,DefaultHelloWorldOutput,251,0,24,0,59,0,28,0,16,0
onos-app-yms,org.onosproject.yang.gen.v1.ydt.hello.onos.rev20160903.helloonos.helloworld,DefaultHelloWorldInput.OnosYangNodeOperationType,78,0,0,0,7,0,4,0,4,0
onos-app-yms,org.onosproject.yang.gen.v1.urn.ietf.params.xml.ns.yang.ietf.network1.rev20151208,IetfNetwork1OpParam,41,0,6,0,13,0,8,0,5,0
onos-app-yms,org.onosproject.yang.gen.v1.urn.ietf.params.xml.ns.yang.ietf.network1.rev20151208,IetfNetwork1OpParam.IetfNetwork1Builder,8,0,0,0,3,0,2,0,2,0
onos-app-yms,org.onosproject.yms.app.yab,YangApplicationBroker,155,525,29,53,48,139,27,39,3,22
onos-app-yms,org.onosproject.yang.gen.v1.ydt.test6.rev20160524.test6,List2.LeafIdentifier,9,48,0,0,0,8,2,3,2,3
onos-app-yms,org.onosproject.yang.gen.v1.ydt.test6.rev20160524.test6,Cont1.LeafIdentifier,9,26,0,0,0,6,2,3,2,3
onos-app-yms,org.onosproject.yang.gen.v1.ydt.test6.rev20160524.test6,DefaultCont1,374,63,62,0,79,17,45,5,14,5
onos-app-yms,org.onosproject.yang.gen.v1.ydt.test6.rev20160524.test6,DefaultCont4,168,20,20,0,44,6,21,1,11,1
onos-app-yms,org.onosproject.yang.gen.v1.ydt.test6.rev20160524.test6,DefaultCont4.OnosYangNodeOperationType,0,78,0,0,0,7,0,4,0,4
onos-app-yms,org.onosproject.yang.gen.v1.ydt.test6.rev20160524.test6,DefaultList2,468,55,80,0,99,14,59,1,19,1
onos-app-yms,org.onosproject.yang.gen.v1.ydt.test6.rev20160524.test6,DefaultCont1.Cont1Builder,29,71,0,0,9,21,5,12,5,12
onos-app-yms,org.onosproject.yang.gen.v1.ydt.test6.rev20160524.test6,DefaultList2.OnosYangNodeOperationType,0,78,0,0,0,7,0,4,0,4
onos-app-yms,org.onosproject.yang.gen.v1.ydt.test6.rev20160524.test6,DefaultCont1.OnosYangNodeOperationType,0,78,0,0,0,7,0,4,0,4
onos-app-yms,org.onosproject.yang.gen.v1.ydt.test6.rev20160524.test6,DefaultList2.List2Builder,29,89,0,0,9,26,5,14,5,14
onos-app-yms,org.onosproject.yang.gen.v1.ydt.test6.rev20160524.test6,DefaultCont4.Cont4Builder,17,27,0,0,5,9,3,6,3,6
onos-app-yms,org.onosproject.yang.gen.v1.ydt.rootlist.rev20160624.rootlist.listwithcontainer,DefaultYangAutoPrefixInterface.YangAutoPrefixInterfaceBuilder,85,0,0,0,25,0,14,0,14,0
onos-app-yms,org.onosproject.yang.gen.v1.ydt.rootlist.rev20160624.rootlist.listwithcontainer,DefaultYangAutoPrefixInterface.OnosYangNodeOperationType,78,0,0,0,7,0,4,0,4,0
onos-app-yms,org.onosproject.yang.gen.v1.ydt.rootlist.rev20160624.rootlist.listwithcontainer,DefaultYangAutoPrefixInterface,314,0,34,0,71,0,34,0,17,0
onos-app-yms,org.onosproject.yang.gen.v1.ydt.rootlist.rev20160624.rootlist.listwithcontainer,YangAutoPrefixInterface.LeafIdentifier,46,0,0,0,7,0,5,0,5,0
onos-app-yms,org.onosproject.yang.gen.v1.ydt.emptydata.rev20160524.emptydata,DefaultEmptyList,212,38,22,0,49,10,26,1,15,1
onos-app-yms,org.onosproject.yang.gen.v1.ydt.emptydata.rev20160524.emptydata,DefaultEmptyList.EmptyListBuilder,24,48,0,0,7,14,4,8,4,8
onos-app-yms,org.onosproject.yang.gen.v1.ydt.emptydata.rev20160524.emptydata,EmptyList.LeafIdentifier,9,26,0,0,0,6,2,3,2,3
onos-app-yms,org.onosproject.yang.gen.v1.ydt.emptydata.rev20160524.emptydata,DefaultEmptyList.OnosYangNodeOperationType,0,78,0,0,0,7,0,4,0,4
onos-app-yms,org.onosproject.yang.gen.v1.urn.ietf.params.xml.ns.yang.ietf.network.rev20151208.ietfnetwork.networks,DefaultNetwork.NetworkBuilder,39,81,0,0,13,23,7,13,7,13
onos-app-yms,org.onosproject.yang.gen.v1.urn.ietf.params.xml.ns.yang.ietf.network.rev20151208.ietfnetwork.networks,DefaultNetwork.OnosYangNodeOperationType,0,78,0,0,0,7,0,4,0,4
onos-app-yms,org.onosproject.yang.gen.v1.urn.ietf.params.xml.ns.yang.ietf.network.rev20151208.ietfnetwork.networks,Network.LeafIdentifier,9,26,0,0,0,6,2,3,2,3
onos-app-yms,org.onosproject.yang.gen.v1.urn.ietf.params.xml.ns.yang.ietf.network.rev20151208.ietfnetwork.networks,DefaultNetwork,504,60,88,0,106,15,63,1,19,1
onos-app-yms,org.onosproject.yang.gen.v1.urn.ietf.params.xml.ns.yang.ietf.network4.rev20171208.ietfnetwork4,DefaultNetwork.OnosYangNodeOperationType,78,0,0,0,7,0,4,0,4,0
onos-app-yms,org.onosproject.yang.gen.v1.urn.ietf.params.xml.ns.yang.ietf.network4.rev20171208.ietfnetwork4,Network.LeafIdentifier,35,0,0,0,6,0,5,0,5,0
onos-app-yms,org.onosproject.yang.gen.v1.urn.ietf.params.xml.ns.yang.ietf.network4.rev20171208.ietfnetwork4,DefaultNetwork,250,0,22,0,59,0,27,0,16,0
onos-app-yms,org.onosproject.yang.gen.v1.urn.ietf.params.xml.ns.yang.ietf.network4.rev20171208.ietfnetwork4,DefaultNetwork.NetworkBuilder,72,0,0,0,21,0,12,0,12,0
onos-app-yms,org.onosproject.yang.gen.v1.urn.ietf.params.xml.ns.yang.ietf.inet.types.rev20130715.ietfinettypes,Ipv4AddressNoZone,63,0,4,0,22,0,10,0,8,0
onos-app-yms,org.onosproject.yang.gen.v1.urn.ietf.params.xml.ns.yang.ietf.inet.types.rev20130715.ietfinettypes,Ipv4Address,62,0,4,0,22,0,10,0,8,0
onos-app-yms,org.onosproject.yang.gen.v1.urn.ietf.params.xml.ns.yang.ietf.inet.types.rev20130715.ietfinettypes,IpAddress,63,0,4,0,22,0,10,0,8,0
onos-app-yms,org.onosproject.yang.gen.v1.urn.ietf.params.xml.ns.yang.ietf.inet.types.rev20130715.ietfinettypes,IpVersion,63,0,4,0,22,0,10,0,8,0
onos-app-yms,org.onosproject.yang.gen.v1.urn.ietf.params.xml.ns.yang.ietf.inet.types.rev20130715.ietfinettypes,Ipv6FlowLabel,66,0,4,0,22,0,10,0,8,0
onos-app-yms,org.onosproject.yang.gen.v1.urn.ietf.params.xml.ns.yang.ietf.inet.types.rev20130715.ietfinettypes,Ipv6Prefix,62,0,4,0,22,0,10,0,8,0
onos-app-yms,org.onosproject.yang.gen.v1.urn.ietf.params.xml.ns.yang.ietf.inet.types.rev20130715.ietfinettypes,Uri,46,16,4,0,16,6,7,3,5,3
onos-app-yms,org.onosproject.yang.gen.v1.urn.ietf.params.xml.ns.yang.ietf.inet.types.rev20130715.ietfinettypes,DomainName,62,0,4,0,22,0,10,0,8,0
onos-app-yms,org.onosproject.yang.gen.v1.urn.ietf.params.xml.ns.yang.ietf.inet.types.rev20130715.ietfinettypes,Ipv6AddressNoZone,63,0,4,0,22,0,10,0,8,0
onos-app-yms,org.onosproject.yang.gen.v1.urn.ietf.params.xml.ns.yang.ietf.inet.types.rev20130715.ietfinettypes,PortNumber,66,0,4,0,22,0,10,0,8,0
onos-app-yms,org.onosproject.yang.gen.v1.urn.ietf.params.xml.ns.yang.ietf.inet.types.rev20130715.ietfinettypes,IpAddressNoZone,63,0,4,0,22,0,10,0,8,0
onos-app-yms,org.onosproject.yang.gen.v1.urn.ietf.params.xml.ns.yang.ietf.inet.types.rev20130715.ietfinettypes,Ipv6Address,62,0,4,0,22,0,10,0,8,0
onos-app-yms,org.onosproject.yang.gen.v1.urn.ietf.params.xml.ns.yang.ietf.inet.types.rev20130715.ietfinettypes,Ipv4Prefix,62,0,4,0,22,0,10,0,8,0
onos-app-yms,org.onosproject.yang.gen.v1.urn.ietf.params.xml.ns.yang.ietf.inet.types.rev20130715.ietfinettypes,Host,63,0,4,0,22,0,10,0,8,0
onos-app-yms,org.onosproject.yang.gen.v1.urn.ietf.params.xml.ns.yang.ietf.inet.types.rev20130715.ietfinettypes,Dscp,66,0,4,0,22,0,10,0,8,0
onos-app-yms,org.onosproject.yang.gen.v1.urn.ietf.params.xml.ns.yang.ietf.inet.types.rev20130715.ietfinettypes,IpPrefix,63,0,4,0,22,0,10,0,8,0
onos-app-yms,org.onosproject.yang.gen.v1.urn.ietf.params.xml.ns.yang.ietf.inet.types.rev20130715.ietfinettypes,AsNumber,66,0,4,0,22,0,10,0,8,0
onos-app-yms,org.onosproject.yang.gen.v1.yms.test.ytb.tree.builder.yangautoprefixfor.list.having.list.rev20160826.ytbtreebuilderforlisthavinglist,DefaultCarrier.CarrierBuilder,56,0,0,0,17,0,10,0,10,0
onos-app-yms,org.onosproject.yang.gen.v1.yms.test.ytb.tree.builder.yangautoprefixfor.list.having.list.rev20160826.ytbtreebuilderforlisthavinglist,DefaultCarrier,271,0,38,0,64,0,31,0,12,0
onos-app-yms,org.onosproject.yang.gen.v1.yms.test.ytb.tree.builder.yangautoprefixfor.list.having.list.rev20160826.ytbtreebuilderforlisthavinglist,DefaultCarrier.OnosYangNodeOperationType,78,0,0,0,7,0,4,0,4,0
onos-app-yms,org.onosproject.yang.gen.v1.ydt.rootlist.rev20160624,RootlistOpParam,303,25,62,0,67,7,41,1,10,1
onos-app-yms,org.onosproject.yang.gen.v1.ydt.rootlist.rev20160624,RootlistOpParam.OnosYangNodeOperationType,0,78,0,0,0,7,0,4,0,4
onos-app-yms,org.onosproject.yang.gen.v1.ydt.rootlist.rev20160624,RootlistOpParam.RootlistBuilder,22,34,0,0,8,10,4,6,4,6
onos-app-yms,org.onosproject.yang.gen.v1.ych.purchasing.supervisor.rev20160524,YchPurchasingsupervisorOpParam.OnosYangNodeOperationType,78,0,0,0,7,0,4,0,4,0
onos-app-yms,org.onosproject.yang.gen.v1.ych.purchasing.supervisor.rev20160524,YchPurchasingsupervisorOpParam,93,21,16,0,28,7,14,4,6,4
onos-app-yms,org.onosproject.yang.gen.v1.ych.purchasing.supervisor.rev20160524,YchPurchasingsupervisorOpParam.YchPurchasingsupervisorBuilder,5,19,0,0,2,7,1,5,1,5
onos-app-yms,org.onosproject.yang.gen.v1.ydt.employee.id.rev20160524,EmployeeidOpParam.OnosYangNodeOperationType,0,78,0,0,0,7,0,4,0,4
onos-app-yms,org.onosproject.yang.gen.v1.ydt.employee.id.rev20160524,Employeeid.LeafIdentifier,35,0,0,0,6,0,5,0,5,0
onos-app-yms,org.onosproject.yang.gen.v1.ydt.employee.id.rev20160524,EmployeeidOpParam,207,44,36,0,49,12,28,4,10,4
onos-app-yms,org.onosproject.yang.gen.v1.ydt.employee.id.rev20160524,EmployeeidOpParam.EmployeeidBuilder,12,47,0,0,4,14,2,8,2,8
onos-app-yms,org.onosproject.yang.gen.v1.ydt.test6.rev20160524.test6.rockthehouse,RockTheHouseInput.LeafIdentifier,35,0,0,0,6,0,5,0,5,0
onos-app-yms,org.onosproject.yang.gen.v1.ydt.test6.rev20160524.test6.rockthehouse,DefaultRockTheHouseInput.RockTheHouseInputBuilder,72,0,0,0,21,0,12,0,12,0
onos-app-yms,org.onosproject.yang.gen.v1.ydt.test6.rev20160524.test6.rockthehouse,DefaultRockTheHouseInput,251,0,24,0,59,0,28,0,16,0
onos-app-yms,org.onosproject.yang.gen.v1.ydt.test6.rev20160524.test6.rockthehouse,DefaultRockTheHouseInput.OnosYangNodeOperationType,78,0,0,0,7,0,4,0,4,0
onos-app-yms,org.onosproject.yang.gen.v1.urn.ietf.params.xml.ns.yang.ietf.network.rev20151208.ietfnetwork.networks.network,SupportingNetwork.LeafIdentifier,35,0,0,0,6,0,5,0,5,0
onos-app-yms,org.onosproject.yang.gen.v1.urn.ietf.params.xml.ns.yang.ietf.network.rev20151208.ietfnetwork.networks.network,DefaultNode.OnosYangNodeOperationType,0,78,0,0,0,7,0,4,0,4
onos-app-yms,org.onosproject.yang.gen.v1.urn.ietf.params.xml.ns.yang.ietf.network.rev20151208.ietfnetwork.networks.network,DefaultNetworkTypes,104,0,8,0,26,0,10,0,6,0
onos-app-yms,org.onosproject.yang.gen.v1.urn.ietf.params.xml.ns.yang.ietf.network.rev20151208.ietfnetwork.networks.network,DefaultNode,346,47,54,0,74,12,44,1,17,1
onos-app-yms,org.onosproject.yang.gen.v1.urn.ietf.params.xml.ns.yang.ietf.network.rev20151208.ietfnetwork.networks.network,DefaultSupportingNetwork.SupportingNetworkBuilder,34,38,0,0,10,11,5,7,5,7
onos-app-yms,org.onosproject.yang.gen.v1.urn.ietf.params.xml.ns.yang.ietf.network.rev20151208.ietfnetwork.networks.network,DefaultSupportingNetwork,213,38,24,0,49,10,27,1,15,1
onos-app-yms,org.onosproject.yang.gen.v1.urn.ietf.params.xml.ns.yang.ietf.network.rev20151208.ietfnetwork.networks.network,DefaultNode.NodeBuilder,29,63,0,0,9,18,5,10,5,10
onos-app-yms,org.onosproject.yang.gen.v1.urn.ietf.params.xml.ns.yang.ietf.network.rev20151208.ietfnetwork.networks.network,Node.LeafIdentifier,9,26,0,0,0,6,2,3,2,3
onos-app-yms,org.onosproject.yang.gen.v1.urn.ietf.params.xml.ns.yang.ietf.network.rev20151208.ietfnetwork.networks.network,DefaultNetworkTypes.NetworkTypesBuilder,28,0,0,0,8,0,5,0,5,0
onos-app-yms,org.onosproject.yang.gen.v1.urn.ietf.params.xml.ns.yang.ietf.network.rev20151208.ietfnetwork.networks.network,DefaultSupportingNetwork.OnosYangNodeOperationType,0,78,0,0,0,7,0,4,0,4
onos-app-yms,org.onosproject.yang.gen.v1.urn.ietf.params.xml.ns.yang.ietf.inet.types.rev20130715.ietfinettypes.ipaddress,IpAddressUnion,104,0,8,0,33,0,15,0,11,0
onos-app-yms,org.onosproject.yang.gen.v1.urn.ietf.params.xml.ns.yang.ietf.network.rev20151208.ietfnetwork.networksstate,Network.LeafIdentifier,9,37,0,0,0,7,2,3,2,3
onos-app-yms,org.onosproject.yang.gen.v1.urn.ietf.params.xml.ns.yang.ietf.network.rev20151208.ietfnetwork.networksstate,DefaultNetwork.OnosYangNodeOperationType,0,78,0,0,0,7,0,4,0,4
onos-app-yms,org.onosproject.yang.gen.v1.urn.ietf.params.xml.ns.yang.ietf.network.rev20151208.ietfnetwork.networksstate,DefaultNetwork.NetworkBuilder,34,51,0,0,10,15,5,9,5,9
onos-app-yms,org.onosproject.yang.gen.v1.urn.ietf.params.xml.ns.yang.ietf.network.rev20151208.ietfnetwork.networksstate,DefaultNetwork,284,42,38,0,62,11,36,1,17,1
onos-app-yms,org.onosproject.yang.gen.v1.yms.test.ytb.module.with.list.rev20160826,YtbModuleWithListOpParam.OnosYangNodeOperationType,78,0,0,0,7,0,4,0,4,0
onos-app-yms,org.onosproject.yang.gen.v1.yms.test.ytb.module.with.list.rev20160826,YtbModuleWithListOpParam,175,22,34,0,41,7,24,3,7,3
onos-app-yms,org.onosproject.yang.gen.v1.yms.test.ytb.module.with.list.rev20160826,YtbModuleWithListOpParam.YtbModuleWithListBuilder,12,24,0,0,4,8,2,5,2,5
onos-app-yms,org.onosproject.yang.gen.v1.ydt.test6.rev20160524.test6.cont1.cont2,DefaultCont3,213,38,24,0,49,10,27,1,15,1
onos-app-yms,org.onosproject.yang.gen.v1.ydt.test6.rev20160524.test6.cont1.cont2,DefaultCont3.Cont3Builder,24,48,0,0,7,14,4,8,4,8
onos-app-yms,org.onosproject.yang.gen.v1.ydt.test6.rev20160524.test6.cont1.cont2,DefaultCont3.OnosYangNodeOperationType,0,78,0,0,0,7,0,4,0,4
onos-app-yms,org.onosproject.yang.gen.v1.ydt.test6.rev20160524.test6.cont1.cont2,Cont3.LeafIdentifier,9,26,0,0,0,6,2,3,2,3
onos-app-yms,org.onosproject.yang.gen.v1.yms.test.ytb.multi.module.b.rev20160826.ytbmultimoduleb,DefaultYtbmultilistb.YtbmultilistbBuilder,31,48,0,0,9,14,5,8,5,8
onos-app-yms,org.onosproject.yang.gen.v1.yms.test.ytb.multi.module.b.rev20160826.ytbmultimoduleb,DefaultYtbmultilistb.OnosYangNodeOperationType,78,0,0,0,7,0,4,0,4,0
onos-app-yms,org.onosproject.yang.gen.v1.yms.test.ytb.multi.module.b.rev20160826.ytbmultimoduleb,Ytbmultilistb.LeafIdentifier,35,0,0,0,6,0,5,0,5,0
onos-app-yms,org.onosproject.yang.gen.v1.yms.test.ytb.multi.module.b.rev20160826.ytbmultimoduleb,DefaultYtbmultilistb,276,49,40,0,64,13,33,3,13,3
onos-app-yms,org.onosproject.yang.gen.v1.urn.ietf.params.xml.ns.yang.ietf.network4.rev20141208.ietfnetwork4.networkup.networks,DefaultNetwork.NetworkBuilder,72,0,0,0,21,0,12,0,12,0
onos-app-yms,org.onosproject.yang.gen.v1.urn.ietf.params.xml.ns.yang.ietf.network4.rev20141208.ietfnetwork4.networkup.networks,DefaultNetwork.OnosYangNodeOperationType,78,0,0,0,7,0,4,0,4,0
onos-app-yms,org.onosproject.yang.gen.v1.urn.ietf.params.xml.ns.yang.ietf.network4.rev20141208.ietfnetwork4.networkup.networks,DefaultNetwork,250,0,22,0,59,0,27,0,16,0
onos-app-yms,org.onosproject.yang.gen.v1.urn.ietf.params.xml.ns.yang.ietf.network4.rev20141208.ietfnetwork4.networkup.networks,Network.LeafIdentifier,35,0,0,0,6,0,5,0,5,0
onos-app-yms,org.onosproject.yang.gen.v1.ydt.hello.onos.rev20160903.helloonos.helloworld.helloworldinput,DefaultStringList.StringListBuilder,98,0,0,0,29,0,16,0,16,0
onos-app-yms,org.onosproject.yang.gen.v1.ydt.hello.onos.rev20160903.helloonos.helloworld.helloworldinput,DefaultStringList,377,0,50,0,81,0,43,0,18,0
onos-app-yms,org.onosproject.yang.gen.v1.ydt.hello.onos.rev20160903.helloonos.helloworld.helloworldinput,StringList.LeafIdentifier,57,0,0,0,8,0,5,0,5,0
onos-app-yms,org.onosproject.yang.gen.v1.ydt.hello.onos.rev20160903.helloonos.helloworld.helloworldinput,DefaultStringList.OnosYangNodeOperationType,78,0,0,0,7,0,4,0,4,0
onos-app-yms,org.onosproject.yang.gen.v1.urn.ietf.params.xml.ns.yang.ietf.network.rev20151208.ietfnetwork.networks.network.node,DefaultSupportingNode.OnosYangNodeOperationType,0,78,0,0,0,7,0,4,0,4
onos-app-yms,org.onosproject.yang.gen.v1.urn.ietf.params.xml.ns.yang.ietf.network.rev20151208.ietfnetwork.networks.network.node,DefaultSupportingNode.SupportingNodeBuilder,44,41,0,0,13,12,6,8,6,8
onos-app-yms,org.onosproject.yang.gen.v1.urn.ietf.params.xml.ns.yang.ietf.network.rev20151208.ietfnetwork.networks.network.node,SupportingNode.LeafIdentifier,46,0,0,0,7,0,5,0,5,0
onos-app-yms,org.onosproject.yang.gen.v1.urn.ietf.params.xml.ns.yang.ietf.network.rev20151208.ietfnetwork.networks.network.node,DefaultSupportingNode,274,42,38,0,59,11,35,1,16,1
onos-app-yms,org.onosproject.yang.gen.v1.yms.test.ytb.module.with.leaf.ietfschedule.rev20160826.ytbietfschedule,DefaultMonitor.MonitorBuilder,72,0,0,0,21,0,12,0,12,0
onos-app-yms,org.onosproject.yang.gen.v1.yms.test.ytb.module.with.leaf.ietfschedule.rev20160826.ytbietfschedule,DefaultMonitor,250,0,22,0,59,0,27,0,16,0
onos-app-yms,org.onosproject.yang.gen.v1.yms.test.ytb.module.with.leaf.ietfschedule.rev20160826.ytbietfschedule,Monitor.LeafIdentifier,35,0,0,0,6,0,5,0,5,0
onos-app-yms,org.onosproject.yang.gen.v1.yms.test.ytb.module.with.leaf.ietfschedule.rev20160826.ytbietfschedule,Enum2Enum,68,54,18,0,15,9,18,3,6,3
onos-app-yms,org.onosproject.yang.gen.v1.yms.test.ytb.module.with.leaf.ietfschedule.rev20160826.ytbietfschedule,DefaultMonitor.OnosYangNodeOperationType,78,0,0,0,7,0,4,0,4,0
onos-app-yms,org.onosproject.yang.gen.v1.yms.test.ytb.module.with.leaf.ietfschedule.rev20160826.ytbietfschedule,Enum1Enum,68,54,18,0,15,9,18,3,6,3
onos-app-yms,org.onosproject.yang.gen.v1.urn.ietf.params.xml.ns.yang.ietf.network1.rev20151208.ietfnetwork1.networkup.networks,DefaultNetwork.OnosYangNodeOperationType,78,0,0,0,7,0,4,0,4,0
onos-app-yms,org.onosproject.yang.gen.v1.urn.ietf.params.xml.ns.yang.ietf.network1.rev20151208.ietfnetwork1.networkup.networks,DefaultNetwork.NetworkBuilder,72,0,0,0,21,0,12,0,12,0
onos-app-yms,org.onosproject.yang.gen.v1.urn.ietf.params.xml.ns.yang.ietf.network1.rev20151208.ietfnetwork1.networkup.networks,DefaultNetwork,250,0,22,0,59,0,27,0,16,0
onos-app-yms,org.onosproject.yang.gen.v1.urn.ietf.params.xml.ns.yang.ietf.network1.rev20151208.ietfnetwork1.networkup.networks,Network.LeafIdentifier,35,0,0,0,6,0,5,0,5,0
onos-app-yms,org.onosproject.yang.gen.v1.urn.ietf.params.xml.ns.yang.ietf.network2.rev20151208,IetfNetwork2OpParam.IetfNetwork2Builder,8,0,0,0,3,0,2,0,2,0
onos-app-yms,org.onosproject.yang.gen.v1.urn.ietf.params.xml.ns.yang.ietf.network2.rev20151208,IetfNetwork2OpParam,41,0,6,0,13,0,8,0,5,0
onos-app-yms,org.onosproject.yang.gen.v1.ydt.root.rev20160524.logisticsmanager,DefaultMaterialSupervisor.MaterialSupervisorBuilder,85,0,0,0,25,0,14,0,14,0
onos-app-yms,org.onosproject.yang.gen.v1.ydt.root.rev20160524.logisticsmanager,DefaultMaterialSupervisor,316,0,38,0,70,0,36,0,17,0
onos-app-yms,org.onosproject.yang.gen.v1.ydt.root.rev20160524.logisticsmanager,MaterialSupervisor.LeafIdentifier,46,0,0,0,7,0,5,0,5,0
onos-app-yms,org.onosproject.yang.gen.v1.ydt.root.rev20160524.logisticsmanager,DefaultMaterialSupervisor.OnosYangNodeOperationType,78,0,0,0,7,0,4,0,4,0
onos-app-yms,org.onosproject.yang.gen.v1.ydt.root.rev20160524.logisticsmanager,DefaultPurchasingSupervisor.PurchasingSupervisorBuilder,24,61,0,0,7,18,4,10,4,10
onos-app-yms,org.onosproject.yang.gen.v1.ydt.root.rev20160524.logisticsmanager,PurchasingSupervisor.LeafIdentifier,9,37,0,0,0,7,2,3,2,3
onos-app-yms,org.onosproject.yang.gen.v1.ydt.root.rev20160524.logisticsmanager,DefaultPurchasingSupervisor,265,51,38,0,58,14,32,4,13,4
onos-app-yms,org.onosproject.yang.gen.v1.ydt.root.rev20160524.logisticsmanager,DefaultPurchasingSupervisor.OnosYangNodeOperationType,0,78,0,0,0,7,0,4,0,4
onos-app-yms,org.onosproject.yang.gen.v1.ydt.enumtest.rev20160524.enumtest.enumlist,EnumleafEnum,36,86,9,9,12,12,14,7,6,3
onos-app-yms,org.onosproject.yang.gen.v1.urn.ietf.params.xml.ns.yang.ietf.network3.rev20151208,IetfNetwork3OpParam.OnosYangNodeOperationType,78,0,0,0,7,0,4,0,4,0
onos-app-yms,org.onosproject.yang.gen.v1.urn.ietf.params.xml.ns.yang.ietf.network3.rev20151208,IetfNetwork3OpParam,114,0,16,0,34,0,18,0,10,0
onos-app-yms,org.onosproject.yang.gen.v1.urn.ietf.params.xml.ns.yang.ietf.network3.rev20151208,IetfNetwork3OpParam.IetfNetwork3Builder,24,0,0,0,9,0,6,0,6,0
onos-app-yms,org.onosproject.yang.gen.v1.ydt.hello.onos.rev20160903,HelloOnosOpParam.HelloOnosBuilder,8,0,0,0,3,0,2,0,2,0
onos-app-yms,org.onosproject.yang.gen.v1.ydt.hello.onos.rev20160903,HelloOnosOpParam,41,0,6,0,13,0,8,0,5,0
onos-app-yms,org.onosproject.yang.gen.v1.urn.ietf.params.xml.ns.yang.ietf.network1.rev20151208.ietfnetwork1.networkdown,DefaultNetworks,309,0,34,0,72,0,35,0,18,0
onos-app-yms,org.onosproject.yang.gen.v1.urn.ietf.params.xml.ns.yang.ietf.network1.rev20151208.ietfnetwork1.networkdown,DefaultNetworks.NetworksBuilder,80,0,0,0,24,0,14,0,14,0
onos-app-yms,org.onosproject.yang.gen.v1.urn.ietf.params.xml.ns.yang.ietf.network1.rev20151208.ietfnetwork1.networkdown,DefaultNetworks.OnosYangNodeOperationType,78,0,0,0,7,0,4,0,4,0
onos-app-yms,org.onosproject.yang.gen.v1.urn.ietf.params.xml.ns.yang.ietf.network1.rev20151208.ietfnetwork1.networkdown,Networks.LeafIdentifier,35,0,0,0,6,0,5,0,5,0
onos-app-yms,org.onosproject.yang.gen.v1.ydt.decimal64.rev20160524,Decimal64OpParam,701,70,128,0,149,18,87,1,23,1
onos-app-yms,org.onosproject.yang.gen.v1.ydt.decimal64.rev20160524,Decimal64.LeafIdentifier,9,114,0,0,0,14,2,3,2,3
onos-app-yms,org.onosproject.yang.gen.v1.ydt.decimal64.rev20160524,Decimal64OpParam.OnosYangNodeOperationType,0,78,0,0,0,7,0,4,0,4
onos-app-yms,org.onosproject.yang.gen.v1.ydt.decimal64.rev20160524,Decimal64OpParam.Decimal64Builder,17,159,0,0,6,48,3,25,3,25
onos-app-yms,org.onosproject.yang.gen.v1.urn.ietf.params.xml.ns.yang.ietf.network4.rev20151208.ietfnetwork4,DefaultNetworkDown,188,0,20,0,50,0,22,0,12,0
onos-app-yms,org.onosproject.yang.gen.v1.urn.ietf.params.xml.ns.yang.ietf.network4.rev20151208.ietfnetwork4,IetfNetwork4Event.Type,38,0,0,0,3,0,4,0,4,0
onos-app-yms,org.onosproject.yang.gen.v1.urn.ietf.params.xml.ns.yang.ietf.network4.rev20151208.ietfnetwork4,DefaultNetworkDown.OnosYangNodeOperationType,78,0,0,0,7,0,4,0,4,0
onos-app-yms,org.onosproject.yang.gen.v1.urn.ietf.params.xml.ns.yang.ietf.network4.rev20151208.ietfnetwork4,DefaultNetworkDown.NetworkDownBuilder,44,0,0,0,14,0,9,0,9,0
onos-app-yms,org.onosproject.yang.gen.v1.urn.ietf.params.xml.ns.yang.ietf.network4.rev20151208.ietfnetwork4,IetfNetwork4Event,11,0,0,0,4,0,2,0,2,0
onos-app-yms,org.onosproject.yang.gen.v1.urn.ietf.params.xml.ns.yang.ietf.network4.rev20151208.ietfnetwork4,DefaultNetworkUp,188,0,20,0,50,0,22,0,12,0
onos-app-yms,org.onosproject.yang.gen.v1.urn.ietf.params.xml.ns.yang.ietf.network4.rev20151208.ietfnetwork4,IetfNetwork4EventSubject,17,0,0,0,7,0,5,0,5,0
onos-app-yms,org.onosproject.yang.gen.v1.urn.ietf.params.xml.ns.yang.ietf.network4.rev20151208.ietfnetwork4,DefaultNetworkUp.NetworkUpBuilder,44,0,0,0,14,0,9,0,9,0
onos-app-yms,org.onosproject.yang.gen.v1.urn.ietf.params.xml.ns.yang.ietf.network4.rev20151208.ietfnetwork4,DefaultNetworkUp.OnosYangNodeOperationType,78,0,0,0,7,0,4,0,4,0
onos-app-yms,org.onosproject.yang.gen.v1.urn.ietf.params.xml.ns.yang.ietf.network4.rev20151208,IetfNetwork4OpParam.IetfNetwork4Builder,8,0,0,0,3,0,2,0,2,0
onos-app-yms,org.onosproject.yang.gen.v1.urn.ietf.params.xml.ns.yang.ietf.network4.rev20151208,IetfNetwork4OpParam,41,0,6,0,13,0,8,0,5,0
onos-app-yms,org.onosproject.yang.gen.v1.urn.ietf.params.xml.ns.yang.ietf.network4.rev20141208.ietfnetwork4.networkdown.networks,Network.LeafIdentifier,35,0,0,0,6,0,5,0,5,0
onos-app-yms,org.onosproject.yang.gen.v1.urn.ietf.params.xml.ns.yang.ietf.network4.rev20141208.ietfnetwork4.networkdown.networks,DefaultNetwork.OnosYangNodeOperationType,78,0,0,0,7,0,4,0,4,0
onos-app-yms,org.onosproject.yang.gen.v1.urn.ietf.params.xml.ns.yang.ietf.network4.rev20141208.ietfnetwork4.networkdown.networks,DefaultNetwork.NetworkBuilder,72,0,0,0,21,0,12,0,12,0
onos-app-yms,org.onosproject.yang.gen.v1.urn.ietf.params.xml.ns.yang.ietf.network4.rev20141208.ietfnetwork4.networkdown.networks,DefaultNetwork,250,0,22,0,59,0,27,0,16,0
onos-app-yms,org.onosproject.yang.gen.v1.urn.ietf.params.xml.ns.yang.ietf.network1.rev20151208.ietfnetwork1,IetfNetwork1EventSubject,17,0,0,0,7,0,5,0,5,0
onos-app-yms,org.onosproject.yang.gen.v1.urn.ietf.params.xml.ns.yang.ietf.network1.rev20151208.ietfnetwork1,IetfNetwork1Event.Type,38,0,0,0,3,0,4,0,4,0
onos-app-yms,org.onosproject.yang.gen.v1.urn.ietf.params.xml.ns.yang.ietf.network1.rev20151208.ietfnetwork1,DefaultNetworkDown.OnosYangNodeOperationType,78,0,0,0,7,0,4,0,4,0
onos-app-yms,org.onosproject.yang.gen.v1.urn.ietf.params.xml.ns.yang.ietf.network1.rev20151208.ietfnetwork1,DefaultNetworkUp,188,0,20,0,50,0,22,0,12,0
onos-app-yms,org.onosproject.yang.gen.v1.urn.ietf.params.xml.ns.yang.ietf.network1.rev20151208.ietfnetwork1,DefaultNetworkDown.NetworkDownBuilder,44,0,0,0,14,0,9,0,9,0
onos-app-yms,org.onosproject.yang.gen.v1.urn.ietf.params.xml.ns.yang.ietf.network1.rev20151208.ietfnetwork1,DefaultNetworkUp.NetworkUpBuilder,44,0,0,0,14,0,9,0,9,0
onos-app-yms,org.onosproject.yang.gen.v1.urn.ietf.params.xml.ns.yang.ietf.network1.rev20151208.ietfnetwork1,DefaultNetworkUp.OnosYangNodeOperationType,78,0,0,0,7,0,4,0,4,0
onos-app-yms,org.onosproject.yang.gen.v1.urn.ietf.params.xml.ns.yang.ietf.network1.rev20151208.ietfnetwork1,DefaultNetworkDown,188,0,20,0,50,0,22,0,12,0
onos-app-yms,org.onosproject.yang.gen.v1.urn.ietf.params.xml.ns.yang.ietf.network1.rev20151208.ietfnetwork1,IetfNetwork1Event,11,0,0,0,4,0,2,0,2,0
onos-app-yms,org.onosproject.yang.gen.v1.urn.ietf.params.xml.ns.yang.ietf.network4.rev20141208.ietfnetwork4.networkup,Networks.LeafIdentifier,35,0,0,0,6,0,5,0,5,0
onos-app-yms,org.onosproject.yang.gen.v1.urn.ietf.params.xml.ns.yang.ietf.network4.rev20141208.ietfnetwork4.networkup,DefaultNetworks,309,0,34,0,72,0,35,0,18,0
onos-app-yms,org.onosproject.yang.gen.v1.urn.ietf.params.xml.ns.yang.ietf.network4.rev20141208.ietfnetwork4.networkup,DefaultNetworks.NetworksBuilder,80,0,0,0,24,0,14,0,14,0
onos-app-yms,org.onosproject.yang.gen.v1.urn.ietf.params.xml.ns.yang.ietf.network4.rev20141208.ietfnetwork4.networkup,DefaultNetworks.OnosYangNodeOperationType,78,0,0,0,7,0,4,0,4,0
onos-app-yms,org.onosproject.yms.app.ysr,YsrRegisteredAppContext,102,51,15,1,24,17,17,9,9,9
onos-app-yms,org.onosproject.yms.app.ysr,DefaultYangSchemaRegistry,721,818,75,49,157,199,56,56,10,40
onos-app-yms,org.onosproject.yms.app.ysr,DefaultYangModuleInformation,132,0,12,0,34,0,19,0,13,0
onos-app-yms,org.onosproject.yms.app.ysr,DefaultYangModuleIdentifier,70,0,8,0,18,0,10,0,6,0
onos-app-yms,org.onosproject.yms.app.ysr,DefaultYangModuleLibrary,77,0,8,0,21,0,12,0,8,0
onos-app-yms,org.onosproject.yang.gen.v1.ydt.food.rev20160624.food.food.snack,DefaultLatenight.OnosYangNodeOperationType,78,0,0,0,7,0,4,0,4,0
onos-app-yms,org.onosproject.yang.gen.v1.ydt.food.rev20160624.food.food.snack,DefaultLatenight,271,0,26,0,65,0,30,0,17,0
onos-app-yms,org.onosproject.yang.gen.v1.ydt.food.rev20160624.food.food.snack,DefaultLatenight.LatenightBuilder,72,0,0,0,21,0,12,0,12,0
onos-app-yms,org.onosproject.yang.gen.v1.ydt.food.rev20160624.food.food.snack,DefaultSportsarena,320,0,34,0,72,0,34,0,17,0
onos-app-yms,org.onosproject.yang.gen.v1.ydt.food.rev20160624.food.food.snack,DefaultSportsarena.OnosYangNodeOperationType,78,0,0,0,7,0,4,0,4,0
onos-app-yms,org.onosproject.yang.gen.v1.ydt.food.rev20160624.food.food.snack,Sportsarena.LeafIdentifier,46,0,0,0,7,0,5,0,5,0
onos-app-yms,org.onosproject.yang.gen.v1.ydt.food.rev20160624.food.food.snack,DefaultSportsarena.SportsarenaBuilder,85,0,0,0,25,0,14,0,14,0
onos-app-yms,org.onosproject.yang.gen.v1.ydt.food.rev20160624.food.food.snack,Latenight.LeafIdentifier,35,0,0,0,6,0,5,0,5,0
onos-app-yms,org.onosproject.yang.gen.v1.urn.ietf.params.xml.ns.yang.ietf.network4.ietfnetwork4.networkdown.networks,DefaultNetwork,250,0,22,0,59,0,27,0,16,0
onos-app-yms,org.onosproject.yang.gen.v1.urn.ietf.params.xml.ns.yang.ietf.network4.ietfnetwork4.networkdown.networks,DefaultNetwork.OnosYangNodeOperationType,78,0,0,0,7,0,4,0,4,0
onos-app-yms,org.onosproject.yang.gen.v1.urn.ietf.params.xml.ns.yang.ietf.network4.ietfnetwork4.networkdown.networks,DefaultNetwork.NetworkBuilder,72,0,0,0,21,0,12,0,12,0
onos-app-yms,org.onosproject.yang.gen.v1.urn.ietf.params.xml.ns.yang.ietf.network4.ietfnetwork4.networkdown.networks,Network.LeafIdentifier,35,0,0,0,6,0,5,0,5,0
onos-app-yms,org.onosproject.yang.gen.v1.urn.ietf.params.xml.ns.yang.ietf.network2.rev20151208.ietfnetwork2,DefaultNetworkUp.OnosYangNodeOperationType,78,0,0,0,7,0,4,0,4,0
onos-app-yms,org.onosproject.yang.gen.v1.urn.ietf.params.xml.ns.yang.ietf.network2.rev20151208.ietfnetwork2,DefaultNetworkUp.NetworkUpBuilder,44,0,0,0,14,0,9,0,9,0
onos-app-yms,org.onosproject.yang.gen.v1.urn.ietf.params.xml.ns.yang.ietf.network2.rev20151208.ietfnetwork2,IetfNetwork2EventSubject,17,0,0,0,7,0,5,0,5,0
onos-app-yms,org.onosproject.yang.gen.v1.urn.ietf.params.xml.ns.yang.ietf.network2.rev20151208.ietfnetwork2,IetfNetwork2Event.Type,38,0,0,0,3,0,4,0,4,0
onos-app-yms,org.onosproject.yang.gen.v1.urn.ietf.params.xml.ns.yang.ietf.network2.rev20151208.ietfnetwork2,DefaultNetworkDown,188,0,20,0,50,0,22,0,12,0
onos-app-yms,org.onosproject.yang.gen.v1.urn.ietf.params.xml.ns.yang.ietf.network2.rev20151208.ietfnetwork2,DefaultNetworkDown.OnosYangNodeOperationType,78,0,0,0,7,0,4,0,4,0
onos-app-yms,org.onosproject.yang.gen.v1.urn.ietf.params.xml.ns.yang.ietf.network2.rev20151208.ietfnetwork2,IetfNetwork2Event,11,0,0,0,4,0,2,0,2,0
onos-app-yms,org.onosproject.yang.gen.v1.urn.ietf.params.xml.ns.yang.ietf.network2.rev20151208.ietfnetwork2,DefaultNetworkUp,188,0,20,0,50,0,22,0,12,0
onos-app-yms,org.onosproject.yang.gen.v1.urn.ietf.params.xml.ns.yang.ietf.network2.rev20151208.ietfnetwork2,DefaultNetworkDown.NetworkDownBuilder,44,0,0,0,14,0,9,0,9,0
onos-app-yms,org.onosproject.yang.gen.v1.ydt.binarytest.rev20160524,BinarytestOpParam.BinarytestBuilder,36,0,0,0,12,0,7,0,7,0
onos-app-yms,org.onosproject.yang.gen.v1.ydt.binarytest.rev20160524,BinarytestOpParam,197,0,34,0,48,0,27,0,10,0
onos-app-yms,org.onosproject.yang.gen.v1.ydt.binarytest.rev20160524,BinarytestOpParam.OnosYangNodeOperationType,78,0,0,0,7,0,4,0,4,0
onos-app-yms,org.onosproject.yms.app.ych,DefaultYangCodecHandler,51,270,20,28,16,83,22,16,3,11
onos-app-yms,org.onosproject.yang.gen.v1.ydt.test6.rev20160524.test6.cont1,DefaultCont2.Cont2Builder,17,27,0,0,5,9,3,6,3,6
onos-app-yms,org.onosproject.yang.gen.v1.ydt.test6.rev20160524.test6.cont1,DefaultCont2,168,20,20,0,44,6,21,1,11,1
onos-app-yms,org.onosproject.yang.gen.v1.ydt.test6.rev20160524.test6.cont1,DefaultList1.OnosYangNodeOperationType,0,78,0,0,0,7,0,4,0,4
onos-app-yms,org.onosproject.yang.gen.v1.ydt.test6.rev20160524.test6.cont1,DefaultList1.List1Builder,24,61,0,0,7,18,4,10,4,10
onos-app-yms,org.onosproject.yang.gen.v1.ydt.test6.rev20160524.test6.cont1,DefaultList1,274,42,38,0,59,11,35,1,16,1
onos-app-yms,org.onosproject.yang.gen.v1.ydt.test6.rev20160524.test6.cont1,DefaultCont2.OnosYangNodeOperationType,0,78,0,0,0,7,0,4,0,4
onos-app-yms,org.onosproject.yang.gen.v1.ydt.test6.rev20160524.test6.cont1,List1.LeafIdentifier,9,37,0,0,0,7,2,3,2,3
onos-app-yms,org.onosproject.yang.gen.v1.urn.ietf.params.xml.ns.yang.ietf.network2.rev20151208.ietfnetwork2.networkup.networks,DefaultNetwork,250,0,22,0,59,0,27,0,16,0
onos-app-yms,org.onosproject.yang.gen.v1.urn.ietf.params.xml.ns.yang.ietf.network2.rev20151208.ietfnetwork2.networkup.networks,DefaultNetwork.OnosYangNodeOperationType,78,0,0,0,7,0,4,0,4,0
onos-app-yms,org.onosproject.yang.gen.v1.urn.ietf.params.xml.ns.yang.ietf.network2.rev20151208.ietfnetwork2.networkup.networks,Network.LeafIdentifier,35,0,0,0,6,0,5,0,5,0
onos-app-yms,org.onosproject.yang.gen.v1.urn.ietf.params.xml.ns.yang.ietf.network2.rev20151208.ietfnetwork2.networkup.networks,DefaultNetwork.NetworkBuilder,72,0,0,0,21,0,12,0,12,0
onos-app-yms,org.onosproject.yang.gen.v1.urn.ietf.params.xml.ns.yang.ietf.network4.rev20171208,IetfNetwork4OpParam.OnosYangNodeOperationType,78,0,0,0,7,0,4,0,4,0
onos-app-yms,org.onosproject.yang.gen.v1.urn.ietf.params.xml.ns.yang.ietf.network4.rev20171208,IetfNetwork4OpParam.IetfNetwork4Builder,24,0,0,0,9,0,6,0,6,0
onos-app-yms,org.onosproject.yang.gen.v1.urn.ietf.params.xml.ns.yang.ietf.network4.rev20171208,IetfNetwork4OpParam,114,0,16,0,34,0,18,0,10,0
onos-app-yms,org.onosproject.yang.gen.v1.yms.test.ytb.multi.module.a.rev20160826,YtbMultiModuleaOpParam.OnosYangNodeOperationType,78,0,0,0,7,0,4,0,4,0
onos-app-yms,org.onosproject.yang.gen.v1.yms.test.ytb.multi.module.a.rev20160826,YtbMultiModuleaOpParam.YtbMultiModuleaBuilder,12,24,0,0,4,8,2,5,2,5
onos-app-yms,org.onosproject.yang.gen.v1.yms.test.ytb.multi.module.a.rev20160826,YtbMultiModuleaOpParam,175,22,34,0,41,7,24,3,7,3
onos-app-yms,org.onosproject.yang.gen.v1.urn.ietf.params.xml.ns.yang.ietf.network4.ietfnetwork4,DefaultNetworkDown,188,0,20,0,50,0,22,0,12,0
onos-app-yms,org.onosproject.yang.gen.v1.urn.ietf.params.xml.ns.yang.ietf.network4.ietfnetwork4,DefaultNetworkDown.NetworkDownBuilder,44,0,0,0,14,0,9,0,9,0
onos-app-yms,org.onosproject.yang.gen.v1.urn.ietf.params.xml.ns.yang.ietf.network4.ietfnetwork4,DefaultNetworkUp.NetworkUpBuilder,44,0,0,0,14,0,9,0,9,0
onos-app-yms,org.onosproject.yang.gen.v1.urn.ietf.params.xml.ns.yang.ietf.network4.ietfnetwork4,DefaultNetworkDown.OnosYangNodeOperationType,78,0,0,0,7,0,4,0,4,0
onos-app-yms,org.onosproject.yang.gen.v1.urn.ietf.params.xml.ns.yang.ietf.network4.ietfnetwork4,DefaultNetworkUp,188,0,20,0,50,0,22,0,12,0
onos-app-yms,org.onosproject.yang.gen.v1.urn.ietf.params.xml.ns.yang.ietf.network4.ietfnetwork4,DefaultNetworkUp.OnosYangNodeOperationType,78,0,0,0,7,0,4,0,4,0
onos-app-yms,org.onosproject.yang.gen.v1.urn.ietf.params.xml.ns.yang.ietf.network4.ietfnetwork4,IetfNetwork4Event.Type,38,0,0,0,3,0,4,0,4,0
onos-app-yms,org.onosproject.yang.gen.v1.urn.ietf.params.xml.ns.yang.ietf.network4.ietfnetwork4,IetfNetwork4EventSubject,17,0,0,0,7,0,5,0,5,0
onos-app-yms,org.onosproject.yang.gen.v1.urn.ietf.params.xml.ns.yang.ietf.network4.ietfnetwork4,IetfNetwork4Event,11,0,0,0,4,0,2,0,2,0
onos-app-yms,org.onosproject.yang.gen.v1.ydt.warehouse.supervisor.rev20160524,WarehousesupervisorOpParam.OnosYangNodeOperationType,0,78,0,0,0,7,0,4,0,4
onos-app-yms,org.onosproject.yang.gen.v1.ydt.warehouse.supervisor.rev20160524,Warehousesupervisor.LeafIdentifier,35,0,0,0,6,0,5,0,5,0
onos-app-yms,org.onosproject.yang.gen.v1.ydt.warehouse.supervisor.rev20160524,WarehousesupervisorOpParam,207,44,36,0,49,12,28,4,10,4
onos-app-yms,org.onosproject.yang.gen.v1.ydt.warehouse.supervisor.rev20160524,WarehousesupervisorOpParam.WarehousesupervisorBuilder,12,47,0,0,4,14,2,8,2,8
onos-app-yms,org.onosproject.yang.gen.v1.ych.combined.rev20160524,CombinedOpParam,93,21,16,0,27,7,14,4,6,4
onos-app-yms,org.onosproject.yang.gen.v1.ych.combined.rev20160524,CombinedOpParam.OnosYangNodeOperationType,78,0,0,0,7,0,4,0,4,0
onos-app-yms,org.onosproject.yang.gen.v1.ych.combined.rev20160524,CombinedOpParam.CombinedBuilder,5,19,0,0,2,7,1,5,1,5
onos-app-yms,org.onosproject.yang.gen.v1.ydt.food.rev20160624,FoodOpParam.FoodBuilder,24,0,0,0,9,0,6,0,6,0
onos-app-yms,org.onosproject.yang.gen.v1.ydt.food.rev20160624,FoodOpParam,114,0,16,0,35,0,18,0,10,0
onos-app-yms,org.onosproject.yang.gen.v1.ydt.food.rev20160624,FoodOpParam.OnosYangNodeOperationType,78,0,0,0,7,0,4,0,4,0
onos-app-yms,org.onosproject.yang.gen.v1.urn.ietf.params.xml.ns.yang.ietf.network4.rev20151208.ietfnetwork4.networkdown,DefaultNetworks.NetworksBuilder,80,0,0,0,24,0,14,0,14,0
onos-app-yms,org.onosproject.yang.gen.v1.urn.ietf.params.xml.ns.yang.ietf.network4.rev20151208.ietfnetwork4.networkdown,DefaultNetworks,309,0,34,0,72,0,35,0,18,0
onos-app-yms,org.onosproject.yang.gen.v1.urn.ietf.params.xml.ns.yang.ietf.network4.rev20151208.ietfnetwork4.networkdown,Networks.LeafIdentifier,35,0,0,0,6,0,5,0,5,0
onos-app-yms,org.onosproject.yang.gen.v1.urn.ietf.params.xml.ns.yang.ietf.network4.rev20151208.ietfnetwork4.networkdown,DefaultNetworks.OnosYangNodeOperationType,78,0,0,0,7,0,4,0,4,0
onos-app-yms,org.onosproject.yang.gen.v1.ych.combined.rev20160524.combined,Metric,51,15,4,0,16,6,8,2,6,2
onos-app-yms,org.onosproject.yang.gen.v1.ych.combined.rev20160524.combined,AsNum,51,15,4,0,16,6,8,2,6,2
onos-app-yms,org.onosproject.yang.gen.v1.ych.combined.rev20160524.combined,DefaultAttributes,507,71,98,0,109,20,58,8,9,8
onos-app-yms,org.onosproject.yang.gen.v1.ych.combined.rev20160524.combined,PathId,51,15,4,0,16,6,8,2,6,2
onos-app-yms,org.onosproject.yang.gen.v1.ych.combined.rev20160524.combined,DefaultAttributes.OnosYangNodeOperationType,78,0,0,0,7,0,4,0,4,0
onos-app-yms,org.onosproject.yang.gen.v1.ych.combined.rev20160524.combined,DefaultAttributes.AttributesBuilder,27,81,0,0,9,26,5,16,5,16
onos-app-yms,org.onosproject.yang.gen.v1.ych.combined.rev20160524.combined,ProtocolVersion,66,0,4,0,22,0,10,0,8,0
onos-app-yms,org.onosproject.yang.gen.v1.yms.test.ytb.multi.module.b.rev20160826,YtbMultiModulebOpParam.OnosYangNodeOperationType,78,0,0,0,7,0,4,0,4,0
onos-app-yms,org.onosproject.yang.gen.v1.yms.test.ytb.multi.module.b.rev20160826,YtbMultiModulebOpParam,175,22,34,0,41,7,24,3,7,3
onos-app-yms,org.onosproject.yang.gen.v1.yms.test.ytb.multi.module.b.rev20160826,YtbMultiModulebOpParam.YtbMultiModulebBuilder,12,24,0,0,4,8,2,5,2,5
onos-app-yms,org.onosproject.yang.gen.v1.ydt.test6.rev20160524.test6.cont4,DefaultCont5.Cont5Builder,24,48,0,0,7,14,4,8,4,8
onos-app-yms,org.onosproject.yang.gen.v1.ydt.test6.rev20160524.test6.cont4,DefaultCont5.OnosYangNodeOperationType,0,78,0,0,0,7,0,4,0,4
onos-app-yms,org.onosproject.yang.gen.v1.ydt.test6.rev20160524.test6.cont4,Cont5.LeafIdentifier,9,26,0,0,0,6,2,3,2,3
onos-app-yms,org.onosproject.yang.gen.v1.ydt.test6.rev20160524.test6.cont4,DefaultCont5,213,38,24,0,49,10,27,1,15,1
onos-app-yms,org.onosproject.yang.gen.v1.yms.test.ytb.tree.builder.yangautoprefixfor.list.having.list.rev20160826.ytbtreebuilderforlisthavinglist.carrier,DefaultMultiplexes.OnosYangNodeOperationType,78,0,0,0,7,0,4,0,4,0
onos-app-yms,org.onosproject.yang.gen.v1.yms.test.ytb.tree.builder.yangautoprefixfor.list.having.list.rev20160826.ytbtreebuilderforlisthavinglist.carrier,DefaultMultiplexes,393,0,54,0,87,0,45,0,18,0
onos-app-yms,org.onosproject.yang.gen.v1.yms.test.ytb.tree.builder.yangautoprefixfor.list.having.list.rev20160826.ytbtreebuilderforlisthavinglist.carrier,DefaultMultiplexes.MultiplexesBuilder,92,0,0,0,27,0,15,0,15,0
onos-app-yms,org.onosproject.yang.gen.v1.yms.test.ytb.tree.builder.yangautoprefixfor.list.having.list.rev20160826.ytbtreebuilderforlisthavinglist.carrier,Multiplexes.LeafIdentifier,35,0,0,0,6,0,5,0,5,0
